,token_lower,count_nusc,percentage_of_all_tokens_nusc,count_uoe,percentage_of_all_tokens_uoe
530,early,976,0.05095621211567478,1569,0.28914463681848757
1589,various,777,0.04056657460438454,478,0.0880886783933952
872,late,61,0.003184763257229674,468,0.08624581901278022
1321,scottish,65,0.0033936001921299804,415,0.07647866429552093
1090,other,1787,0.09329790066671191,384,0.07076580021561454
308,british,1943,0.10144254112782387,367,0.06763293926856911
640,first,1311,0.06844630541357544,307,0.056575782984879336
1028,next,82,0.004281157165456282,253,0.04662434232955854
513,domestic,106,0.005534178774858121,220,0.04054290637352917
1346,several,1933,0.1009204487905731,213,0.03925290480709869
1063,old,75,0.003915692529380747,206,0.03796290324066822
1382,small,414,0.02161462276218172,187,0.03446147041749979
1025,new,606,0.03163879563739643,174,0.03206575322270034
493,different,206,0.010755102147365784,170,0.031328609470454356
1646,young,122,0.006369526514459348,169,0.03114432353239286
1326,second,285,0.014879631611646835,165,0.030407179780146877
944,many,1794,0.09366336530278745,160,0.029485750089839394
1352,sheep,2,0.00010441846745015324,158,0.029117178213716403
804,indian,67,0.003498018659580133,154,0.02838003446147042
699,genetic,5,0.0002610461686253831,152,0.028011462585347424
867,large,1200,0.06265108047009195,149,0.027458604771162937
697,general,450,0.023494155176284476,122,0.02248288444350254
1406,special,184,0.009606499005414097,121,0.022298598505441043
1087,original,594,0.03101228483269551,118,0.021745740691256555
743,handwritten,125,0.006526154215634577,114,0.021008596939010568
1544,undated,111,0.005795224943483505,112,0.020640025062887576
753,high,66,0.0034458094258550563,107,0.019718595372580094
926,loose,61,0.003184763257229674,107,0.019718595372580094
960,medical,254,0.013261145366169461,100,0.018428593806149623
205,american,104,0.005429760307407968,100,0.018428593806149623
1269,related,142,0.00741371118896088,98,0.018060021930026628
1437,such,2010,0.10494055978740399,97,0.017875735991965132
707,german,141,0.007361501955235803,96,0.017691450053903636
1102,own,137,0.007152665020335496,94,0.017322878177780644
675,french,185,0.009658708239139174,90,0.01658573442553466
216,annual,180,0.00939766207051379,89,0.01640144848747316
1020,negative,49,0.0025582524525287545,87,0.01603287661135017
871,last,140,0.007309292721510726,86,0.015848590673288674
1047,nuclear,6,0.0003132554023504597,86,0.015848590673288674
289,black,652,0.03404042038874995,86,0.015848590673288674
715,good,136,0.0071004557866104195,82,0.01511144692104269
1624,white,515,0.026887755368414458,79,0.014558589106858201
1309,same,87,0.004542203334081666,78,0.014374303168796706
1320,scientific,816,0.04260273471966252,78,0.014374303168796706
1354,short,426,0.022241133566882638,77,0.01419001723073521
201,alternative,42,0.002192787816453218,76,0.014005731292673712
628,few,41,0.002140578582728141,74,0.01363715941655072
1132,personal,543,0.028349613912716606,70,0.012900015664304735
213,animal,8,0.00041767386980061296,70,0.012900015664304735
462,dated,35,0.0018273231803776816,69,0.01271572972624324
571,english,139,0.00725708348778565,69,0.01271572972624324
1114,particular,97,0.005064295671332432,69,0.01271572972624324
983,miscellaneous,159,0.008301268162287182,67,0.012347157850120248
674,free,30,0.0015662770117522986,66,0.01216287191205875
1642,x,108,0.0056385972423082745,65,0.011978585973997254
1184,present,599,0.031273331001320896,65,0.011978585973997254
1166,possible,97,0.005064295671332432,64,0.011794300035935758
1195,printed,254,0.013261145366169461,62,0.011425728159812765
1490,third,107,0.005586388008583198,62,0.011425728159812765
197,agricultural,31,0.0016184862454773751,61,0.01124144222175127
1260,red,410,0.021405785827281414,60,0.011057156283689773
990,more,129,0.006734991150534884,60,0.011057156283689773
1386,social,218,0.011381612952066703,59,0.010872870345628277
1622,western,37,0.0019317416478278348,59,0.010872870345628277
1561,unknown,160,0.00835347739601226,59,0.010872870345628277
489,diary,85,0.004437784866631512,58,0.01068858440756678
237,archive,45,0.0023494155176284476,57,0.010504298469505284
986,modern,49,0.0025582524525287545,57,0.010504298469505284
767,human,48,0.0025060432188036778,57,0.010504298469505284
1635,wooden,48,0.0025060432188036778,56,0.010320012531443788
953,material,160,0.00835347739601226,56,0.010320012531443788
1338,separate,63,0.003289181724679827,54,0.009951440655320795
914,little,41,0.002140578582728141,54,0.009951440655320795
1553,unidentified,49,0.0025582524525287545,53,0.009767154717259299
626,female,27,0.0014096493105770686,53,0.009767154717259299
1223,public,2144,0.11193659710656426,52,0.009582868779197803
682,full,99,0.005168714138782586,52,0.009582868779197803
277,best,41,0.002140578582728141,51,0.009398582841136307
181,adaptive,1,5.220923372507662e-05,51,0.009398582841136307
1502,top,47,0.002453833985078601,51,0.009398582841136307
688,further,858,0.04479552253611573,51,0.009398582841136307
1071,open,50,0.0026104616862538312,50,0.009214296903074811
931,lower,80,0.00417673869800613,50,0.009214296903074811
762,honorary,47,0.002453833985078601,50,0.009214296903074811
586,european,69,0.0036024371270302865,50,0.009214296903074811
920,long,87,0.004542203334081666,50,0.009214296903074811
196,african,31,0.0016184862454773751,49,0.009030010965013314
1254,recital,1,5.220923372507662e-05,49,0.009030010965013314
1035,north,62,0.0032369724909547502,47,0.008661439088890322
991,most,840,0.043855756329064355,47,0.008661439088890322
806,individual,819,0.04275936242083775,47,0.008661439088890322
599,experimental,12,0.0006265108047009194,46,0.008477153150828826
1290,right,10,0.0005220923372507662,46,0.008477153150828826
1097,ovarian,2,0.00010441846745015324,46,0.008477153150828826
359,circular,26,0.001357440076851992,46,0.008477153150828826
847,japanese,18,0.0009397662070513792,45,0.00829286721276733
1002,musical,32,0.0016706954792024518,45,0.00829286721276733
652,following,663,0.03461472195972579,45,0.00829286721276733
1634,wooded,1,5.220923372507662e-05,44,0.008108581274705833
725,great,39,0.002036160115277988,44,0.008108581274705833
318,canadian,6,0.0003132554023504597,43,0.007924295336644337
368,clinical,53,0.0027670893874290605,43,0.007924295336644337
1579,upper,17,0.0008875569733263024,43,0.007924295336644337
1272,religious,74,0.0038634832956556697,43,0.007924295336644337
1397,south,80,0.00417673869800613,43,0.007924295336644337
995,much,42,0.002192787816453218,43,0.007924295336644337
633,final,181,0.009449871304238867,42,0.007740009398582841
1010,native,12,0.0006265108047009194,41,0.007555723460521345
1156,political,292,0.015245096247722374,41,0.007555723460521345
887,legal,38,0.0019839508815529118,41,0.007555723460521345
916,local,341,0.017803348700251125,41,0.007555723460521345
1629,wild,6,0.0003132554023504597,40,0.007371437522459849
279,between,5,0.0002610461686253831,40,0.007371437522459849
171,academic,2356,0.12300495465628052,40,0.007371437522459849
935,main,935,0.048815633532946635,40,0.007371437522459849
521,due,122,0.006369526514459348,40,0.007371437522459849
1527,typescript,133,0.006943828085435189,40,0.007371437522459849
1124,pen,10,0.0005220923372507662,40,0.007371437522459849
939,male,10,0.0005220923372507662,40,0.007371437522459849
1507,traditional,12,0.0006265108047009194,39,0.007187151584398353
1301,russian,110,0.005743015709758428,39,0.007187151584398353
659,former,90,0.004698831035256895,39,0.007187151584398353
1621,west,38,0.0019839508815529118,39,0.007187151584398353
392,common,23,0.0012008123756767622,38,0.007002865646336856
1199,professional,1908,0.0996152179474462,38,0.007002865646336856
1196,private,51,0.0026626709199789075,38,0.007002865646336856
1645,yellow,12,0.0006265108047009194,37,0.00681857970827536
286,biographical,44,0.0022972062839033713,37,0.00681857970827536
1191,previous,169,0.008823360499537948,37,0.00681857970827536
621,fat,2,0.00010441846745015324,37,0.00681857970827536
1279,reproductive,2,0.00010441846745015324,36,0.006634293770213864
912,literary,110,0.005743015709758428,36,0.006634293770213864
1408,specific,163,0.008510105097187488,36,0.006634293770213864
177,acid,1,5.220923372507662e-05,36,0.006634293770213864
266,avian,1,5.220923372507662e-05,36,0.006634293770213864
562,embryonic,1,5.220923372507662e-05,36,0.006634293770213864
1094,outside,9,0.0004698831035256896,35,0.006450007832152368
1061,official,101,0.005273132606232738,35,0.006450007832152368
634,financial,136,0.0071004557866104195,35,0.006450007832152368
903,likely,61,0.003184763257229674,34,0.006265721894090872
1141,physical,16,0.0008353477396012259,34,0.006265721894090872
930,low,16,0.0008353477396012259,34,0.006265721894090872
470,deep,6,0.0003132554023504597,33,0.006081435956029375
1368,single,91,0.004751040268981972,33,0.006081435956029375
1139,photographic,79,0.004124529464281053,33,0.006081435956029375
1011,natural,67,0.003498018659580133,33,0.006081435956029375
337,central,76,0.0039679017631058236,33,0.006081435956029375
976,military,1628,0.08499663250442474,32,0.005897150017967879
305,brief,81,0.0042289479317312055,32,0.005897150017967879
937,major,1876,0.09794452246824374,32,0.005897150017967879
1604,visible,9,0.0004698831035256896,32,0.005897150017967879
1050,numerous,52,0.002714880153703984,31,0.0057128640799063825
1348,sexual,19,0.0009919754407764559,31,0.0057128640799063825
188,adrian,11,0.0005743015709758428,31,0.0057128640799063825
492,dietary,1,5.220923372507662e-05,31,0.0057128640799063825
528,earlier,48,0.0025060432188036778,31,0.0057128640799063825
680,front,48,0.0025060432188036778,31,0.0057128640799063825
1171,potential,121,0.006317317280734271,30,0.005528578141844887
998,multiple,40,0.002088369349003065,30,0.005528578141844887
1143,physiological,3,0.00015662770117522986,30,0.005528578141844887
1464,table,12,0.0006265108047009194,29,0.00534429220378339
836,international,127,0.006630572683084731,29,0.00534429220378339
654,foreign,35,0.0018273231803776816,28,0.005160006265721894
1529,typical,27,0.0014096493105770686,28,0.005160006265721894
1403,spanish,18,0.0009397662070513792,28,0.005160006265721894
800,incomplete,53,0.0027670893874290605,28,0.005160006265721894
542,educational,18,0.0009397662070513792,27,0.004975720327660397
1335,senior,20,0.0010441846745015324,27,0.004975720327660397
263,autograph,7,0.00036546463607553634,27,0.004975720327660397
576,environmental,46,0.0024016247513535243,26,0.0047914343895989015
1625,whole,33,0.0017229047129275281,26,0.0047914343895989015
1173,practical,12,0.0006265108047009194,26,0.0047914343895989015
460,dark,8,0.00041767386980061296,25,0.004607148451537406
1436,successful,2349,0.12263949002020497,25,0.004607148451537406
340,certain,33,0.0017229047129275281,25,0.004607148451537406
313,brown,10,0.0005220923372507662,24,0.004422862513475909
217,anonymous,3,0.00015662770117522986,24,0.004422862513475909
265,available,122,0.006369526514459348,24,0.004422862513475909
965,mental,10,0.0005220923372507662,24,0.004422862513475909
531,east,24,0.0012530216094018389,24,0.004422862513475909
301,box,2,0.00010441846745015324,24,0.004422862513475909
1327,secondary,17,0.0008875569733263024,23,0.004238576575414413
1178,preliminary,111,0.005795224943483505,23,0.004238576575414413
1146,plastic,7,0.00036546463607553634,23,0.004238576575414413
465,dear,10,0.0005220923372507662,23,0.004238576575414413
1601,victorian,9,0.0004698831035256896,23,0.004238576575414413
758,historical,112,0.0058474341772085815,23,0.004238576575414413
1082,ordinary,1,5.220923372507662e-05,23,0.004238576575414413
361,civil,23,0.0012008123756767622,23,0.004238576575414413
178,active,41,0.002140578582728141,23,0.004238576575414413
1251,recent,2001,0.10447067668387831,22,0.004054290637352916
849,joint,36,0.0018795324141027583,22,0.004054290637352916
1422,statistical,11,0.0005743015709758428,22,0.004054290637352916
1367,simple,11,0.0005743015709758428,22,0.004054290637352916
796,inbred,8,0.00041767386980061296,22,0.004054290637352916
1158,poor,32,0.0016706954792024518,22,0.004054290637352916
955,mathematical,9,0.0004698831035256896,22,0.004054290637352916
1479,text,22,0.0011486031419516856,22,0.004054290637352916
943,manuscript,29,0.0015140677780272219,22,0.004054290637352916
844,italian,25,0.0013052308431269156,22,0.004054290637352916
399,complete,70,0.003654646360755363,22,0.004054290637352916
855,key,3686,0.19244323551063242,22,0.004054290637352916
1297,royal,15,0.0007831385058761493,21,0.0038700046992914206
658,formal,24,0.0012530216094018389,21,0.0038700046992914206
354,christian,6,0.0003132554023504597,21,0.0038700046992914206
1250,rear,23,0.0012008123756767622,21,0.0038700046992914206
748,heavy,7,0.00036546463607553634,21,0.0038700046992914206
848,jewish,11,0.0005743015709758428,21,0.0038700046992914206
165,able,38,0.0019839508815529118,21,0.0038700046992914206
182,additional,145,0.00757033889013611,21,0.0038700046992914206
789,important,47,0.002453833985078601,21,0.0038700046992914206
1324,seasonal,1,5.220923372507662e-05,21,0.0038700046992914206
1113,partial,1967,0.1026955627372257,21,0.0038700046992914206
729,green,107,0.005586388008583198,20,0.0036857187612299243
1626,wide,790,0.04124529464281053,20,0.0036857187612299243
635,fine,14,0.0007309292721510727,20,0.0036857187612299243
485,detailed,175,0.009136615901888408,20,0.0036857187612299243
1137,photocopied,142,0.00741371118896088,20,0.0036857187612299243
1566,unpublished,65,0.0033936001921299804,20,0.0036857187612299243
869,larger,13,0.000678720038425996,20,0.0036857187612299243
873,later,69,0.0036024371270302865,20,0.0036857187612299243
1284,responsible,29,0.0015140677780272219,20,0.0036857187612299243
1647,younger,25,0.0013052308431269156,19,0.003501432823168428
1366,similar,30,0.0015662770117522986,19,0.003501432823168428
1234,quantitative,2,0.00010441846745015324,19,0.003501432823168428
1504,total,15,0.0007831385058761493,19,0.003501432823168428
770,hungarian,7,0.00036546463607553634,19,0.003501432823168428
561,embryo,1,5.220923372507662e-05,19,0.003501432823168428
606,external,201,0.0104940559787404,19,0.003501432823168428
421,contemporary,84,0.004385575632906436,19,0.003501432823168428
457,daily,43,0.0022449970501782946,19,0.003501432823168428
689,future,57,0.002975926322329367,18,0.003317146885106932
464,dead,55,0.002871507854879214,18,0.003317146885106932
1483,theological,3,0.00015662770117522986,18,0.003317146885106932
1054,obituary,21,0.001096393908226609,18,0.003317146885106932
297,bottom,1,5.220923372507662e-05,18,0.003317146885106932
843,irish,61,0.003184763257229674,18,0.003317146885106932
1526,typed,43,0.0022449970501782946,18,0.003317146885106932
1609,vocational,1,5.220923372507662e-05,18,0.003317146885106932
1131,permanent,10,0.0005220923372507662,18,0.003317146885106932
984,mixed,300,0.015662770117522987,18,0.003317146885106932
618,famous,12,0.0006265108047009194,18,0.003317146885106932
1383,smaller,19,0.0009919754407764559,17,0.003132860947045436
352,chinese,24,0.0012530216094018389,17,0.003132860947045436
365,clear,90,0.004698831035256895,17,0.003132860947045436
396,comparative,13,0.000678720038425996,17,0.003132860947045436
248,assistant,3,0.00015662770117522986,17,0.003132860947045436
1359,sic,2,0.00010441846745015324,17,0.003132860947045436
1399,southern,9,0.0004698831035256896,17,0.003132860947045436
981,minor,7,0.00036546463607553634,17,0.003132860947045436
1192,primary,32,0.0016706954792024518,17,0.003132860947045436
390,commercial,36,0.0018795324141027583,17,0.003132860947045436
1513,tree,5,0.0002610461686253831,16,0.0029485750089839396
1001,music,2,0.00010441846745015324,16,0.0029485750089839396
722,grant,5,0.0002610461686253831,16,0.0029485750089839396
1136,philosophical,2,0.00010441846745015324,16,0.0029485750089839396
1247,ready,67,0.003498018659580133,16,0.0029485750089839396
533,eastern,6,0.0003132554023504597,16,0.0029485750089839396
838,intestinal,6,0.0003132554023504597,16,0.0029485750089839396
1598,veterinary,5,0.0002610461686253831,16,0.0029485750089839396
1433,subsequent,58,0.0030281355560544438,16,0.0029485750089839396
1034,normal,5,0.0002610461686253831,16,0.0029485750089839396
604,extensive,25,0.0013052308431269156,16,0.0029485750089839396
1417,stable,1,5.220923372507662e-05,16,0.0029485750089839396
1100,overseas,27,0.0014096493105770686,16,0.0029485750089839396
835,internal,123,0.006421735748184424,16,0.0029485750089839396
335,celtic,3,0.00015662770117522986,16,0.0029485750089839396
1161,popular,24,0.0012530216094018389,15,0.0027642890709224433
1140,photographs,81,0.0042289479317312055,15,0.0027642890709224433
1134,pet,1,5.220923372507662e-05,15,0.0027642890709224433
1230,puppy,2,0.00010441846745015324,15,0.0027642890709224433
211,ancient,7,0.00036546463607553634,15,0.0027642890709224433
840,introductory,10,0.0005220923372507662,15,0.0027642890709224433
964,memorial,101,0.005273132606232738,15,0.0027642890709224433
1541,unclear,50,0.0026104616862538312,15,0.0027642890709224433
1480,thatched,3,0.00015662770117522986,15,0.0027642890709224433
270,bad,26,0.001357440076851992,14,0.002580003132860947
538,economic,25,0.0013052308431269156,14,0.002580003132860947
727,greatest,23,0.0012008123756767622,14,0.002580003132860947
1070,only,23,0.0012008123756767622,14,0.002580003132860947
258,australian,19,0.0009919754407764559,14,0.002580003132860947
928,lothian,8,0.00041767386980061296,14,0.002580003132860947
1194,principal,7,0.00036546463607553634,14,0.002580003132860947
1086,oriental,1,5.220923372507662e-05,14,0.002580003132860947
744,happy,39,0.002036160115277988,14,0.002580003132860947
669,fourth,21,0.001096393908226609,14,0.002580003132860947
379,cold,20,0.0010441846745015324,14,0.002580003132860947
596,executive,5,0.0002610461686253831,14,0.002580003132860947
644,flat,33,0.0017229047129275281,13,0.0023957171947994508
1361,side,1,5.220923372507662e-05,13,0.0023957171947994508
546,egyptian,6,0.0003132554023504597,13,0.0023957171947994508
728,greek,23,0.0012008123756767622,13,0.0023957171947994508
862,lady,13,0.000678720038425996,13,0.0023957171947994508
1221,psychological,9,0.0004698831035256896,13,0.0023957171947994508
215,annotated,140,0.007309292721510726,13,0.0023957171947994508
269,back,19,0.0009919754407764559,13,0.0023957171947994508
1394,song,6,0.0003132554023504597,13,0.0023957171947994508
272,basic,11,0.0005743015709758428,12,0.0022114312567379545
400,complex,9,0.0004698831035256896,12,0.0022114312567379545
941,mammary,7,0.00036546463607553634,12,0.0022114312567379545
529,earliest,4,0.00020883693490030648,12,0.0022114312567379545
1452,surgical,18,0.0009397662070513792,12,0.0022114312567379545
685,functional,3,0.00015662770117522986,12,0.0022114312567379545
1048,numbered,17,0.0008875569733263024,12,0.0022114312567379545
1401,soviet,13,0.000678720038425996,12,0.0022114312567379545
1465,tall,6,0.0003132554023504597,12,0.0022114312567379545
1296,rough,50,0.0026104616862538312,12,0.0022114312567379545
1211,proposed,44,0.0022972062839033713,12,0.0022114312567379545
784,illustrative,15,0.0007831385058761493,12,0.0022114312567379545
436,correct,12,0.0006265108047009194,12,0.0022114312567379545
885,left,3,0.00015662770117522986,12,0.0022114312567379545
1197,prize,3,0.00015662770117522986,12,0.0022114312567379545
1611,voluntary,15,0.0007831385058761493,12,0.0022114312567379545
454,current,68,0.0035502278933052097,12,0.0022114312567379545
830,interested,17,0.0008875569733263024,12,0.0022114312567379545
704,geological,782,0.040827620773009915,12,0.0022114312567379545
1206,prominent,24,0.0012530216094018389,12,0.0022114312567379545
1039,norwegian,7,0.00036546463607553634,12,0.0022114312567379545
788,imperial,4,0.00020883693490030648,12,0.0022114312567379545
612,extreme,3,0.00015662770117522986,12,0.0022114312567379545
370,close,13,0.000678720038425996,12,0.0022114312567379545
575,entire,9,0.0004698831035256896,12,0.0022114312567379545
1009,national,116,0.0060562711121088875,11,0.002027145318676458
1018,necessary,8,0.00041767386980061296,11,0.002027145318676458
545,efficient,2,0.00010441846745015324,11,0.002027145318676458
348,chief,2,0.00010441846745015324,11,0.002027145318676458
1434,substantial,15,0.0007831385058761493,11,0.002027145318676458
915,live,15,0.0007831385058761493,11,0.002027145318676458
774,identical,1,5.220923372507662e-05,11,0.002027145318676458
1038,northern,22,0.0011486031419516856,11,0.002027145318676458
482,descriptive,18,0.0009397662070513792,11,0.002027145318676458
791,improved,10,0.0005220923372507662,11,0.002027145318676458
1473,ten,29,0.0015140677780272219,11,0.002027145318676458
515,double,18,0.0009397662070513792,11,0.002027145318676458
220,antiquarian,30,0.0015662770117522986,11,0.002027145318676458
1165,positive,26,0.001357440076851992,11,0.002027145318676458
517,dramatic,10,0.0005220923372507662,11,0.002027145318676458
300,bovine,1,5.220923372507662e-05,11,0.002027145318676458
671,fragile,4,0.00020883693490030648,11,0.002027145318676458
474,degree,3,0.00015662770117522986,11,0.002027145318676458
245,artificial,7,0.00036546463607553634,11,0.002027145318676458
290,blank,19,0.0009919754407764559,11,0.002027145318676458
1111,parliamentary,40,0.002088369349003065,11,0.002027145318676458
870,largest,11,0.0005743015709758428,11,0.002027145318676458
681,frozen,2,0.00010441846745015324,11,0.002027145318676458
1041,notable,3099,0.16179641531401245,10,0.0018428593806149622
548,eighteenth,5,0.0002610461686253831,10,0.0018428593806149622
827,intellectual,3,0.00015662770117522986,10,0.0018428593806149622
1535,unable,31,0.0016184862454773751,10,0.0018428593806149622
615,fair,2,0.00010441846745015324,10,0.0018428593806149622
380,collaborative,15,0.0007831385058761493,10,0.0018428593806149622
1243,rare,30,0.0015662770117522986,10,0.0018428593806149622
656,forest,30,0.0015662770117522986,10,0.0018428593806149622
866,lantern,1,5.220923372507662e-05,10,0.0018428593806149622
554,electrical,34,0.0017751139466526049,10,0.0018428593806149622
850,journal,27,0.0014096493105770686,10,0.0018428593806149622
802,increased,8,0.00041767386980061296,10,0.0018428593806149622
349,chiefly,1,5.220923372507662e-05,10,0.0018428593806149622
262,autobiographical,17,0.0008875569733263024,10,0.0018428593806149622
958,mechanical,21,0.001096393908226609,10,0.0018428593806149622
1078,oral,13,0.000678720038425996,10,0.0018428593806149622
486,developmental,2,0.00010441846745015324,10,0.0018428593806149622
1432,subject,16,0.0008353477396012259,10,0.0018428593806149622
831,interesting,7,0.00036546463607553634,10,0.0018428593806149622
1458,swiss,16,0.0008353477396012259,10,0.0018428593806149622
1022,nervous,6,0.0003132554023504597,10,0.0018428593806149622
1266,regular,25,0.0013052308431269156,10,0.0018428593806149622
880,leading,15,0.0007831385058761493,10,0.0018428593806149622
250,assorted,3,0.00015662770117522986,10,0.0018428593806149622
1130,peripheral,1,5.220923372507662e-05,9,0.001658573442553466
638,finnish,4,0.00020883693490030648,9,0.001658573442553466
494,difficult,9,0.0004698831035256896,9,0.001658573442553466
1583,useful,9,0.0004698831035256896,9,0.001658573442553466
439,covered,1,5.220923372507662e-05,9,0.001658573442553466
754,higher,19,0.0009919754407764559,9,0.001658573442553466
763,honourable,1,5.220923372507662e-05,9,0.001658573442553466
852,julian,21,0.001096393908226609,9,0.001658573442553466
1562,unnamed,36,0.0018795324141027583,9,0.001658573442553466
1193,prime,2,0.00010441846745015324,9,0.001658573442553466
1515,tropical,2,0.00010441846745015324,9,0.001658573442553466
1023,nest,2,0.00010441846745015324,9,0.001658573442553466
687,funeral,33,0.0017229047129275281,9,0.001658573442553466
601,explanatory,5,0.0002610461686253831,9,0.001658573442553466
1554,uniform,5,0.0002610461686253831,9,0.001658573442553466
1116,past,28,0.0014618585443021454,9,0.001658573442553466
1270,relative,5,0.0002610461686253831,9,0.001658573442553466
1430,strong,26,0.001357440076851992,9,0.001658573442553466
883,least,4,0.00020883693490030648,9,0.001658573442553466
785,immediate,66,0.0034458094258550563,9,0.001658573442553466
946,marginal,1,5.220923372507662e-05,9,0.001658573442553466
281,biblical,2,0.00010441846745015324,9,0.001658573442553466
1029,nineteenth,11,0.0005743015709758428,9,0.001658573442553466
550,elderly,16,0.0008353477396012259,9,0.001658573442553466
235,architectural,175,0.009136615901888408,9,0.001658573442553466
1509,transparent,7,0.00036546463607553634,9,0.001658573442553466
519,dry,16,0.0008353477396012259,9,0.001658573442553466
608,extra,16,0.0008353477396012259,9,0.001658573442553466
278,better,17,0.0008875569733263024,9,0.001658573442553466
815,initial,107,0.005586388008583198,9,0.001658573442553466
224,apparent,2,0.00010441846745015324,8,0.0014742875044919698
1110,parish,4,0.00020883693490030648,8,0.0014742875044919698
591,exact,3,0.00015662770117522986,8,0.0014742875044919698
578,equal,3,0.00015662770117522986,8,0.0014742875044919698
1516,true,4,0.00020883693490030648,8,0.0014742875044919698
1440,suitable,8,0.00041767386980061296,8,0.0014742875044919698
942,manual,5,0.0002610461686253831,8,0.0014742875044919698
549,elaborate,1,5.220923372507662e-05,8,0.0014742875044919698
1575,unusual,3,0.00015662770117522986,8,0.0014742875044919698
823,inside,2,0.00010441846745015324,8,0.0014742875044919698
611,extraordinary,2,0.00010441846745015324,8,0.0014742875044919698
592,excellent,4,0.00020883693490030648,8,0.0014742875044919698
230,arab,2,0.00010441846745015324,8,0.0014742875044919698
1531,un,4,0.00020883693490030648,8,0.0014742875044919698
1088,ornamental,4,0.00020883693490030648,8,0.0014742875044919698
859,labelled,4,0.00020883693490030648,8,0.0014742875044919698
551,eldest,7,0.00036546463607553634,8,0.0014742875044919698
299,boundary,7,0.00036546463607553634,8,0.0014742875044919698
185,adjacent,10,0.0005220923372507662,8,0.0014742875044919698
708,giant,2,0.00010441846745015324,8,0.0014742875044919698
703,geographical,6,0.0003132554023504597,8,0.0014742875044919698
499,discarded,2,0.00010441846745015324,8,0.0014742875044919698
1543,und,4,0.00020883693490030648,8,0.0014742875044919698
585,ethical,4,0.00020883693490030648,8,0.0014742875044919698
186,administrative,33,0.0017229047129275281,8,0.0014742875044919698
1431,structural,105,0.005481969541133044,8,0.0014742875044919698
383,colour,40,0.002088369349003065,8,0.0014742875044919698
169,abstract,35,0.0018273231803776816,8,0.0014742875044919698
1182,prepared,33,0.0017229047129275281,8,0.0014742875044919698
780,illegible,12,0.0006265108047009194,8,0.0014742875044919698
254,attached,29,0.0015140677780272219,8,0.0014742875044919698
649,folded,25,0.0013052308431269156,8,0.0014742875044919698
363,classical,23,0.0012008123756767622,8,0.0014742875044919698
444,critical,39,0.002036160115277988,8,0.0014742875044919698
821,inscribed,1,5.220923372507662e-05,8,0.0014742875044919698
1605,visual,56,0.0029237170886042907,8,0.0014742875044919698
231,arabian,1,5.220923372507662e-05,8,0.0014742875044919698
1123,pedigree,1,5.220923372507662e-05,8,0.0014742875044919698
1485,therapeutic,1,5.220923372507662e-05,8,0.0014742875044919698
319,canal,1,5.220923372507662e-05,8,0.0014742875044919698
1183,presbyterian,2,0.00010441846745015324,7,0.0012900015664304735
1413,spiral,5,0.0002610461686253831,7,0.0012900015664304735
1064,older,36,0.0018795324141027583,7,0.0012900015664304735
756,historian,8,0.00041767386980061296,7,0.0012900015664304735
733,guardian,36,0.0018795324141027583,7,0.0012900015664304735
901,light,15,0.0007831385058761493,7,0.0012900015664304735
1481,theatre,35,0.0018273231803776816,7,0.0012900015664304735
209,anatomical,5,0.0002610461686253831,7,0.0012900015664304735
897,librarian,15,0.0007831385058761493,7,0.0012900015664304735
1217,provisional,16,0.0008353477396012259,7,0.0012900015664304735
761,homosexual,7,0.00036546463607553634,7,0.0012900015664304735
1608,vocal,2,0.00010441846745015324,7,0.0012900015664304735
974,middle,7,0.00036546463607553634,7,0.0012900015664304735
1551,unfinished,27,0.0014096493105770686,7,0.0012900015664304735
755,highest,1,5.220923372507662e-05,7,0.0012900015664304735
881,leaf,1,5.220923372507662e-05,7,0.0012900015664304735
1460,symmetrical,1,5.220923372507662e-05,7,0.0012900015664304735
1478,testimonial,6,0.0003132554023504597,7,0.0012900015664304735
1253,reciprocal,6,0.0003132554023504597,7,0.0012900015664304735
1300,rural,17,0.0008875569733263024,7,0.0012900015664304735
1162,portable,2,0.00010441846745015324,7,0.0012900015664304735
357,chronic,6,0.0003132554023504597,7,0.0012900015664304735
1293,rocky,2,0.00010441846745015324,7,0.0012900015664304735
344,chartered,2,0.00010441846745015324,7,0.0012900015664304735
566,enclosed,38,0.0019839508815529118,7,0.0012900015664304735
1472,temporary,15,0.0007831385058761493,7,0.0012900015664304735
1142,physician,4,0.00020883693490030648,7,0.0012900015664304735
790,impossible,10,0.0005220923372507662,7,0.0012900015664304735
1170,posthumous,10,0.0005220923372507662,7,0.0012900015664304735
1231,pure,3,0.00015662770117522986,7,0.0012900015664304735
1115,passive,3,0.00015662770117522986,7,0.0012900015664304735
1441,summary,44,0.0022972062839033713,7,0.0012900015664304735
833,interior,66,0.0034458094258550563,7,0.0012900015664304735
858,la,1,5.220923372507662e-05,7,0.0012900015664304735
720,grand,10,0.0005220923372507662,7,0.0012900015664304735
469,decorative,10,0.0005220923372507662,7,0.0012900015664304735
1264,regional,57,0.002975926322329367,7,0.0012900015664304735
242,art,10,0.0005220923372507662,7,0.0012900015664304735
1344,seventeenth,4,0.00020883693490030648,6,0.0011057156283689772
438,cover,203,0.010598474446190553,6,0.0011057156283689772
714,golden,18,0.0009397662070513792,6,0.0011057156283689772
645,floppy,17,0.0008875569733263024,6,0.0011057156283689772
452,curious,3,0.00015662770117522986,6,0.0011057156283689772
908,linear,4,0.00020883693490030648,6,0.0011057156283689772
1462,systematic,5,0.0002610461686253831,6,0.0011057156283689772
239,armorial,4,0.00020883693490030648,6,0.0011057156283689772
508,divergent,1,5.220923372507662e-05,6,0.0011057156283689772
388,commemorative,19,0.0009919754407764559,6,0.0011057156283689772
1640,wrong,7,0.00036546463607553634,6,0.0011057156283689772
1648,youngest,7,0.00036546463607553634,6,0.0011057156283689772
509,diverse,4,0.00020883693490030648,6,0.0011057156283689772
752,hierarchical,1,5.220923372507662e-05,6,0.0011057156283689772
1220,psychic,1,5.220923372507662e-05,6,0.0011057156283689772
632,fifty,4,0.00020883693490030648,6,0.0011057156283689772
1588,varied,8,0.00041767386980061296,6,0.0011057156283689772
876,latter,4,0.00020883693490030648,6,0.0011057156283689772
1096,oval,2,0.00010441846745015324,6,0.0011057156283689772
878,le,2,0.00010441846745015324,6,0.0011057156283689772
647,flower,3,0.00015662770117522986,6,0.0011057156283689772
1219,psychiatric,2,0.00010441846745015324,6,0.0011057156283689772
879,lead,5,0.0002610461686253831,6,0.0011057156283689772
385,combined,5,0.0002610461686253831,6,0.0011057156283689772
476,den,2,0.00010441846745015324,6,0.0011057156283689772
625,fellow,46,0.0024016247513535243,6,0.0011057156283689772
777,ill,29,0.0015140677780272219,6,0.0011057156283689772
558,email,28,0.0014618585443021454,6,0.0011057156283689772
1278,representative,5,0.0002610461686253831,6,0.0011057156283689772
448,cultural,50,0.0026104616862538312,6,0.0011057156283689772
730,grey,3,0.00015662770117522986,6,0.0011057156283689772
1208,proof,24,0.0012530216094018389,6,0.0011057156283689772
923,longer,3,0.00015662770117522986,6,0.0011057156283689772
956,maximum,5,0.0002610461686253831,6,0.0011057156283689772
1031,non,5,0.0002610461686253831,6,0.0011057156283689772
557,eleven,6,0.0003132554023504597,6,0.0011057156283689772
1525,type,5,0.0002610461686253831,6,0.0011057156283689772
510,doctoral,5,0.0002610461686253831,6,0.0011057156283689772
1242,rapid,2,0.00010441846745015324,6,0.0011057156283689772
523,dutch,3,0.00015662770117522986,6,0.0011057156283689772
1267,regulatory,2,0.00010441846745015324,6,0.0011057156283689772
1618,weekly,20,0.0010441846745015324,6,0.0011057156283689772
803,independent,37,0.0019317416478278348,6,0.0011057156283689772
1340,serbian,2,0.00010441846745015324,6,0.0011057156283689772
326,careful,1,5.220923372507662e-05,6,0.0011057156283689772
503,distant,1,5.220923372507662e-05,6,0.0011057156283689772
1456,swedish,12,0.0006265108047009194,6,0.0011057156283689772
244,artesian,1,5.220923372507662e-05,6,0.0011057156283689772
907,limited,14,0.0007309292721510727,6,0.0011057156283689772
512,dog,1,5.220923372507662e-05,6,0.0011057156283689772
1594,venetian,1,5.220923372507662e-05,6,0.0011057156283689772
1271,relevant,14,0.0007309292721510727,6,0.0011057156283689772
303,brazilian,1,5.220923372507662e-05,6,0.0011057156283689772
302,boy,1,5.220923372507662e-05,6,0.0011057156283689772
979,minimum,8,0.00041767386980061296,6,0.0011057156283689772
280,bible,9,0.0004698831035256896,6,0.0011057156283689772
795,inaugural,9,0.0004698831035256896,6,0.0011057156283689772
854,keen,12,0.0006265108047009194,6,0.0011057156283689772
1084,organic,1,5.220923372507662e-05,6,0.0011057156283689772
1168,postal,12,0.0006265108047009194,6,0.0011057156283689772
642,fish,14,0.0007309292721510727,6,0.0011057156283689772
553,electric,11,0.0005743015709758428,6,0.0011057156283689772
1019,nee,12,0.0006265108047009194,6,0.0011057156283689772
1428,straw,1,5.220923372507662e-05,5,0.0009214296903074811
1372,sixteenth,1,5.220923372507662e-05,5,0.0009214296903074811
334,cellular,1,5.220923372507662e-05,5,0.0009214296903074811
737,half,1,5.220923372507662e-05,5,0.0009214296903074811
504,distinct,13,0.000678720038425996,5,0.0009214296903074811
540,edited,26,0.001357440076851992,5,0.0009214296903074811
1558,unique,6,0.0003132554023504597,5,0.0009214296903074811
1364,significant,2602,0.13584842615264936,5,0.0009214296903074811
1185,presidential,6,0.0003132554023504597,5,0.0009214296903074811
1235,quarterly,6,0.0003132554023504597,5,0.0009214296903074811
695,geese,1,5.220923372507662e-05,5,0.0009214296903074811
1489,thin,6,0.0003132554023504597,5,0.0009214296903074811
1331,secular,6,0.0003132554023504597,5,0.0009214296903074811
1306,safe,6,0.0003132554023504597,5,0.0009214296903074811
1052,nutrient,1,5.220923372507662e-05,5,0.0009214296903074811
1323,se,2,0.00010441846745015324,5,0.0009214296903074811
536,ecclesiastical,4,0.00020883693490030648,5,0.0009214296903074811
416,constant,1,5.220923372507662e-05,5,0.0009214296903074811
994,ms,1,5.220923372507662e-05,5,0.0009214296903074811
1591,vast,2,0.00010441846745015324,5,0.0009214296903074811
461,das,1,5.220923372507662e-05,5,0.0009214296903074811
273,bear,4,0.00020883693490030648,5,0.0009214296903074811
1499,title,40,0.002088369349003065,5,0.0009214296903074811
594,excessive,1,5.220923372507662e-05,5,0.0009214296903074811
294,born,5,0.0002610461686253831,5,0.0009214296903074811
541,editorial,98,0.005116504905057509,5,0.0009214296903074811
1302,s,80,0.00417673869800613,5,0.0009214296903074811
668,fourteen,1,5.220923372507662e-05,5,0.0009214296903074811
1617,weak,3,0.00015662770117522986,5,0.0009214296903074811
183,address,3,0.00015662770117522986,5,0.0009214296903074811
1388,soft,56,0.0029237170886042907,5,0.0009214296903074811
1214,protective,3,0.00015662770117522986,5,0.0009214296903074811
732,gross,3,0.00015662770117522986,5,0.0009214296903074811
441,creative,55,0.002871507854879214,5,0.0009214296903074811
1128,perfect,1,5.220923372507662e-05,5,0.0009214296903074811
497,direct,12,0.0006265108047009194,5,0.0009214296903074811
1393,solo,1,5.220923372507662e-05,5,0.0009214296903074811
1122,pear,1,5.220923372507662e-05,5,0.0009214296903074811
345,chemical,1,5.220923372507662e-05,5,0.0009214296903074811
208,analytical,1,5.220923372507662e-05,5,0.0009214296903074811
1391,sole,5,0.0002610461686253831,5,0.0009214296903074811
311,broken,5,0.0002610461686253831,5,0.0009214296903074811
573,engraved,1,5.220923372507662e-05,5,0.0009214296903074811
1027,newspaper,1,5.220923372507662e-05,5,0.0009214296903074811
1356,shorter,5,0.0002610461686253831,5,0.0009214296903074811
1390,soldier,4,0.00020883693490030648,5,0.0009214296903074811
962,medieval,6,0.0003132554023504597,5,0.0009214296903074811
818,ink,11,0.0005743015709758428,5,0.0009214296903074811
317,caledonian,8,0.00041767386980061296,5,0.0009214296903074811
1172,powerful,2,0.00010441846745015324,5,0.0009214296903074811
1091,outdoor,2,0.00010441846745015324,5,0.0009214296903074811
1520,twentieth,2,0.00010441846745015324,5,0.0009214296903074811
471,defective,2,0.00010441846745015324,5,0.0009214296903074811
989,moral,6,0.0003132554023504597,5,0.0009214296903074811
1030,noble,2,0.00010441846745015324,5,0.0009214296903074811
310,broader,2,0.00010441846745015324,5,0.0009214296903074811
1310,sample,7,0.00036546463607553634,5,0.0009214296903074811
491,diet,2,0.00010441846745015324,5,0.0009214296903074811
417,constitutional,8,0.00041767386980061296,5,0.0009214296903074811
232,archaeological,18,0.0009397662070513792,5,0.0009214296903074811
1186,press,8,0.00041767386980061296,5,0.0009214296903074811
1446,supplementary,8,0.00041767386980061296,5,0.0009214296903074811
1613,wartime,8,0.00041767386980061296,5,0.0009214296903074811
565,empty,8,0.00041767386980061296,5,0.0009214296903074811
1325,seated,19,0.0009919754407764559,5,0.0009214296903074811
1377,skin,2,0.00010441846745015324,5,0.0009214296903074811
1024,net,14,0.0007309292721510727,5,0.0009214296903074811
283,big,20,0.0010441846745015324,5,0.0009214296903074811
1420,standard,6,0.0003132554023504597,5,0.0009214296903074811
605,exterior,14,0.0007309292721510727,5,0.0009214296903074811
1363,signed,19,0.0009919754407764559,5,0.0009214296903074811
856,known,2,0.00010441846745015324,5,0.0009214296903074811
1570,unsuccessful,19,0.0009919754407764559,5,0.0009214296903074811
1006,n,1,5.220923372507662e-05,4,0.0007371437522459849
402,comprehensive,20,0.0010441846745015324,4,0.0007371437522459849
954,maternal,2,0.00010441846745015324,4,0.0007371437522459849
221,antiquary,2,0.00010441846745015324,4,0.0007371437522459849
1476,terrible,3,0.00015662770117522986,4,0.0007371437522459849
1056,obscene,2,0.00010441846745015324,4,0.0007371437522459849
356,chromosomal,1,5.220923372507662e-05,4,0.0007371437522459849
180,acute,3,0.00015662770117522986,4,0.0007371437522459849
1065,oldest,2,0.00010441846745015324,4,0.0007371437522459849
1286,reverse,3,0.00015662770117522986,4,0.0007371437522459849
475,democratic,2,0.00010441846745015324,4,0.0007371437522459849
1212,prose,12,0.0006265108047009194,4,0.0007371437522459849
1043,noted,12,0.0006265108047009194,4,0.0007371437522459849
264,autographs,1,5.220923372507662e-05,4,0.0007371437522459849
1119,patio,1,5.220923372507662e-05,4,0.0007371437522459849
479,departmental,2,0.00010441846745015324,4,0.0007371437522459849
456,cystic,1,5.220923372507662e-05,4,0.0007371437522459849
366,climatic,2,0.00010441846745015324,4,0.0007371437522459849
382,colonial,3,0.00015662770117522986,4,0.0007371437522459849
864,lamb,1,5.220923372507662e-05,4,0.0007371437522459849
288,birthday,15,0.0007831385058761493,4,0.0007371437522459849
458,dangerous,1,5.220923372507662e-05,4,0.0007371437522459849
988,monthly,56,0.0029237170886042907,4,0.0007371437522459849
166,above,5,0.0002610461686253831,4,0.0007371437522459849
783,illustrated,15,0.0007831385058761493,4,0.0007371437522459849
1574,unused,2,0.00010441846745015324,4,0.0007371437522459849
1281,request,3,0.00015662770117522986,4,0.0007371437522459849
1614,watercolour,250,0.013052308431269154,4,0.0007371437522459849
1200,profile,10,0.0005220923372507662,4,0.0007371437522459849
1573,untitled,58,0.0030281355560544438,4,0.0007371437522459849
884,lecture,4,0.00020883693490030648,4,0.0007371437522459849
726,greater,15,0.0007831385058761493,4,0.0007371437522459849
259,austrian,7,0.00036546463607553634,4,0.0007371437522459849
812,influential,3610,0.1884753337475266,4,0.0007371437522459849
1274,remote,4,0.00020883693490030648,4,0.0007371437522459849
555,elementary,4,0.00020883693490030648,4,0.0007371437522459849
616,false,4,0.00020883693490030648,4,0.0007371437522459849
1358,siberian,1,5.220923372507662e-05,4,0.0007371437522459849
323,captive,1,5.220923372507662e-05,4,0.0007371437522459849
750,hereditary,4,0.00020883693490030648,4,0.0007371437522459849
1627,wider,4,0.00020883693490030648,4,0.0007371437522459849
309,broad,782,0.040827620773009915,4,0.0007371437522459849
1580,urban,663,0.03461472195972579,4,0.0007371437522459849
291,blue,297,0.015506142416347755,4,0.0007371437522459849
408,condensed,4,0.00020883693490030648,4,0.0007371437522459849
350,child,4,0.00020883693490030648,4,0.0007371437522459849
1491,thirteen,4,0.00020883693490030648,4,0.0007371437522459849
1606,vital,4,0.00020883693490030648,4,0.0007371437522459849
686,fundamental,7,0.00036546463607553634,4,0.0007371437522459849
480,deputy,2,0.00010441846745015324,4,0.0007371437522459849
627,fertile,1,5.220923372507662e-05,4,0.0007371437522459849
189,adult,1,5.220923372507662e-05,4,0.0007371437522459849
1207,promotional,117,0.006108480345833964,4,0.0007371437522459849
841,invisible,1,5.220923372507662e-05,4,0.0007371437522459849
168,absent,2,0.00010441846745015324,4,0.0007371437522459849
1461,sympathetic,2,0.00010441846745015324,4,0.0007371437522459849
1239,radical,15,0.0007831385058761493,4,0.0007371437522459849
1484,theoretical,2,0.00010441846745015324,4,0.0007371437522459849
249,associate,2,0.00010441846745015324,4,0.0007371437522459849
274,beautiful,9,0.0004698831035256896,4,0.0007371437522459849
893,less,9,0.0004698831035256896,4,0.0007371437522459849
1072,operational,5,0.0002610461686253831,4,0.0007371437522459849
1149,pleased,9,0.0004698831035256896,4,0.0007371437522459849
701,genomic,1,5.220923372507662e-05,4,0.0007371437522459849
1077,optimum,1,5.220923372507662e-05,4,0.0007371437522459849
556,elephant,1,5.220923372507662e-05,4,0.0007371437522459849
1080,orchestral,1,5.220923372507662e-05,4,0.0007371437522459849
240,army,6,0.0003132554023504597,4,0.0007371437522459849
1101,ower,1,5.220923372507662e-05,4,0.0007371437522459849
925,longitudinal,1,5.220923372507662e-05,4,0.0007371437522459849
1232,purple,1,5.220923372507662e-05,4,0.0007371437522459849
1316,scattered,1,5.220923372507662e-05,4,0.0007371437522459849
631,fifth,5,0.0002610461686253831,4,0.0007371437522459849
807,induced,2,0.00010441846745015324,4,0.0007371437522459849
1013,naval,19,0.0009919754407764559,4,0.0007371437522459849
813,informal,31,0.0016184862454773751,4,0.0007371437522459849
738,hamish,2,0.00010441846745015324,4,0.0007371437522459849
1426,stiff,1,5.220923372507662e-05,4,0.0007371437522459849
766,huge,1,5.220923372507662e-05,4,0.0007371437522459849
1414,spiritual,5,0.0002610461686253831,4,0.0007371437522459849
563,eminent,1,5.220923372507662e-05,4,0.0007371437522459849
693,garden,6,0.0003132554023504597,4,0.0007371437522459849
1538,unbound,1,5.220923372507662e-05,4,0.0007371437522459849
544,effective,13,0.000678720038425996,4,0.0007371437522459849
442,criminal,3,0.00015662770117522986,4,0.0007371437522459849
426,continuous,6,0.0003132554023504597,4,0.0007371437522459849
257,audio,21,0.001096393908226609,4,0.0007371437522459849
453,curly,2,0.00010441846745015324,4,0.0007371437522459849
473,definitive,1,5.220923372507662e-05,4,0.0007371437522459849
1107,panoramic,2,0.00010441846745015324,4,0.0007371437522459849
805,indigenous,1,5.220923372507662e-05,4,0.0007371437522459849
1126,pencil,12,0.0006265108047009194,4,0.0007371437522459849
581,essential,13,0.000678720038425996,4,0.0007371437522459849
1204,projected,2,0.00010441846745015324,3,0.0005528578141844886
495,dining,1,5.220923372507662e-05,3,0.0005528578141844886
222,anxious,2,0.00010441846745015324,3,0.0005528578141844886
710,glacial,1,5.220923372507662e-05,3,0.0005528578141844886
1213,protected,2,0.00010441846745015324,3,0.0005528578141844886
595,exclusive,2,0.00010441846745015324,3,0.0005528578141844886
1487,thick,1,5.220923372507662e-05,3,0.0005528578141844886
1304,sable,1,5.220923372507662e-05,3,0.0005528578141844886
731,grid,4,0.00020883693490030648,3,0.0005528578141844886
646,floral,4,0.00020883693490030648,3,0.0005528578141844886
1603,visa,1,5.220923372507662e-05,3,0.0005528578141844886
1607,vocabulary,1,5.220923372507662e-05,3,0.0005528578141844886
1445,supplemental,1,5.220923372507662e-05,3,0.0005528578141844886
1404,sparse,1,5.220923372507662e-05,3,0.0005528578141844886
1482,theatrical,2,0.00010441846745015324,3,0.0005528578141844886
735,guilty,1,5.220923372507662e-05,3,0.0005528578141844886
1380,slight,1,5.220923372507662e-05,3,0.0005528578141844886
228,approved,3,0.00015662770117522986,3,0.0005528578141844886
1177,pregnant,3,0.00015662770117522986,3,0.0005528578141844886
1135,pharmaceutical,3,0.00015662770117522986,3,0.0005528578141844886
1451,surgery,1,5.220923372507662e-05,3,0.0005528578141844886
1355,shortened,1,5.220923372507662e-05,3,0.0005528578141844886
1238,racial,3,0.00015662770117522986,3,0.0005528578141844886
948,marine,3,0.00015662770117522986,3,0.0005528578141844886
1282,resident,3,0.00015662770117522986,3,0.0005528578141844886
1590,vascular,1,5.220923372507662e-05,3,0.0005528578141844886
1074,opposite,3,0.00015662770117522986,3,0.0005528578141844886
899,lifelong,3,0.00015662770117522986,3,0.0005528578141844886
700,genital,3,0.00015662770117522986,3,0.0005528578141844886
1559,unitarian,3,0.00015662770117522986,3,0.0005528578141844886
1288,rhinocerous,1,5.220923372507662e-05,3,0.0005528578141844886
909,lined,1,5.220923372507662e-05,3,0.0005528578141844886
418,constructive,3,0.00015662770117522986,3,0.0005528578141844886
1424,steady,1,5.220923372507662e-05,3,0.0005528578141844886
1341,serial,1,5.220923372507662e-05,3,0.0005528578141844886
1245,raw,3,0.00015662770117522986,3,0.0005528578141844886
1313,satisfied,1,5.220923372507662e-05,3,0.0005528578141844886
657,form,2,0.00010441846745015324,3,0.0005528578141844886
1595,verbal,2,0.00010441846745015324,3,0.0005528578141844886
957,measurement,1,5.220923372507662e-05,3,0.0005528578141844886
593,exceptional,2,0.00010441846745015324,3,0.0005528578141844886
698,generous,1,5.220923372507662e-05,3,0.0005528578141844886
306,bright,1,5.220923372507662e-05,3,0.0005528578141844886
372,closer,2,0.00010441846745015324,3,0.0005528578141844886
607,extinct,1,5.220923372507662e-05,3,0.0005528578141844886
947,marian,1,5.220923372507662e-05,3,0.0005528578141844886
410,confidential,2,0.00010441846745015324,3,0.0005528578141844886
1429,striking,1,5.220923372507662e-05,3,0.0005528578141844886
520,dual,1,5.220923372507662e-05,3,0.0005528578141844886
1129,periodical,5,0.0002610461686253831,3,0.0005528578141844886
1016,near,5,0.0002610461686253831,3,0.0005528578141844886
898,library,233,0.012164751457942852,3,0.0005528578141844886
1287,revised,23,0.0012008123756767622,3,0.0005528578141844886
333,celebrated,5,0.0002610461686253831,3,0.0005528578141844886
661,forthcoming,26,0.001357440076851992,3,0.0005528578141844886
1098,overall,33,0.0017229047129275281,3,0.0005528578141844886
358,chronological,10,0.0005220923372507662,3,0.0005528578141844886
603,extended,7,0.00036546463607553634,3,0.0005528578141844886
598,expensive,4,0.00020883693490030648,3,0.0005528578141844886
516,draft,7,0.00036546463607553634,3,0.0005528578141844886
1314,scale,41,0.002140578582728141,3,0.0005528578141844886
765,hot,7,0.00036546463607553634,3,0.0005528578141844886
797,inch,4,0.00020883693490030648,3,0.0005528578141844886
1384,snow,4,0.00020883693490030648,3,0.0005528578141844886
636,finest,5,0.0002610461686253831,3,0.0005528578141844886
1636,working,167,0.008718942032087795,3,0.0005528578141844886
1045,novel,44,0.0022972062839033713,3,0.0005528578141844886
1295,roof,7,0.00036546463607553634,3,0.0005528578141844886
819,inner,10,0.0005220923372507662,3,0.0005528578141844886
1226,published,10,0.0005220923372507662,3,0.0005528578141844886
537,ecological,10,0.0005220923372507662,3,0.0005528578141844886
624,favourite,12,0.0006265108047009194,3,0.0005528578141844886
811,infectious,7,0.00036546463607553634,3,0.0005528578141844886
422,content,14,0.0007309292721510727,3,0.0005528578141844886
214,anniversary,16,0.0008353477396012259,3,0.0005528578141844886
861,labour,17,0.0008875569733263024,3,0.0005528578141844886
190,advanced,13,0.000678720038425996,3,0.0005528578141844886
1210,proper,12,0.0006265108047009194,3,0.0005528578141844886
745,hard,17,0.0008875569733263024,3,0.0005528578141844886
295,botanical,20,0.0010441846745015324,3,0.0005528578141844886
1153,poetic,23,0.0012008123756767622,3,0.0005528578141844886
1450,sure,7,0.00036546463607553634,3,0.0005528578141844886
1155,polish,11,0.0005743015709758428,3,0.0005528578141844886
1187,pressed,8,0.00041767386980061296,3,0.0005528578141844886
1261,reduced,10,0.0005220923372507662,3,0.0005528578141844886
478,dental,7,0.00036546463607553634,3,0.0005528578141844886
192,advisory,10,0.0005220923372507662,3,0.0005528578141844886
734,guest,22,0.0011486031419516856,3,0.0005528578141844886
1468,technical,54,0.0028192986211541373,3,0.0005528578141844886
506,distinguished,7,0.00036546463607553634,3,0.0005528578141844886
1060,occasional,6,0.0003132554023504597,3,0.0005528578141844886
425,continued,8,0.00041767386980061296,3,0.0005528578141844886
247,asian,8,0.00041767386980061296,3,0.0005528578141844886
1236,queen,4,0.00020883693490030648,3,0.0005528578141844886
1322,scrap,5,0.0002610461686253831,3,0.0005528578141844886
1273,remarkable,1802,0.09408103917258806,3,0.0005528578141844886
1203,progressive,5,0.0002610461686253831,3,0.0005528578141844886
582,estimated,6,0.0003132554023504597,3,0.0005528578141844886
1369,sister,9,0.0004698831035256896,3,0.0005528578141844886
364,clean,500,0.02610461686253831,3,0.0005528578141844886
1151,poem,9,0.0004698831035256896,3,0.0005528578141844886
1587,valuable,8,0.00041767386980061296,3,0.0005528578141844886
1371,sixteen,9,0.0004698831035256896,3,0.0005528578141844886
1202,programme,9,0.0004698831035256896,3,0.0005528578141844886
952,massive,4,0.00020883693490030648,3,0.0005528578141844886
1599,viable,4,0.00020883693490030648,3,0.0005528578141844886
407,concrete,4,0.00020883693490030648,3,0.0005528578141844886
227,appropriate,7,0.00036546463607553634,3,0.0005528578141844886
226,applied,7,0.00036546463607553634,3,0.0005528578141844886
677,fresh,5,0.0002610461686253831,3,0.0005528578141844886
1333,seminal,4,0.00020883693490030648,3,0.0005528578141844886
1008,narrow,4,0.00020883693490030648,3,0.0005528578141844886
691,gable,8,0.00041767386980061296,3,0.0005528578141844886
1415,spontaneous,4,0.00020883693490030648,3,0.0005528578141844886
200,alphabetical,6,0.0003132554023504597,3,0.0005528578141844886
1528,typewritten,8,0.00041767386980061296,3,0.0005528578141844886
817,injured,778,0.04061878383810961,3,0.0005528578141844886
443,critic,6,0.0003132554023504597,3,0.0005528578141844886
771,hungry,2,0.00010441846745015324,2,0.00036857187612299245
1347,severe,7,0.00036546463607553634,2,0.00036857187612299245
446,crucial,2,0.00010441846745015324,2,0.00036857187612299245
552,electoral,7,0.00036546463607553634,2,0.00036857187612299245
1069,ongoing,7,0.00036546463607553634,2,0.00036857187612299245
539,ed,2,0.00010441846745015324,2,0.00036857187612299245
1021,neoplastic,2,0.00010441846745015324,2,0.00036857187612299245
663,forty,2,0.00010441846745015324,2,0.00036857187612299245
1549,undertaken,16,0.0008353477396012259,2,0.00036857187612299245
890,lengthy,16,0.0008353477396012259,2,0.00036857187612299245
888,legible,16,0.0008353477396012259,2,0.00036857187612299245
1416,square,15,0.0007831385058761493,2,0.00036857187612299245
268,axonometric,15,0.0007831385058761493,2,0.00036857187612299245
1455,sustainable,15,0.0007831385058761493,2,0.00036857187612299245
275,belgian,15,0.0007831385058761493,2,0.00036857187612299245
1188,prestigious,18,0.0009397662070513792,2,0.00036857187612299245
775,identifiable,1,5.220923372507662e-05,2,0.00036857187612299245
384,coloured,18,0.0009397662070513792,2,0.00036857187612299245
978,mineral,2,0.00010441846745015324,2,0.00036857187612299245
584,et,1,5.220923372507662e-05,2,0.00036857187612299245
338,centre,2,0.00010441846745015324,2,0.00036857187612299245
655,foremost,2,0.00010441846745015324,2,0.00036857187612299245
808,industrial,43,0.0022449970501782946,2,0.00036857187612299245
1518,tumour,2,0.00010441846745015324,2,0.00036857187612299245
723,graph,2,0.00010441846745015324,2,0.00036857187612299245
863,lake,2,0.00010441846745015324,2,0.00036857187612299245
1545,undergraduate,7,0.00036546463607553634,2,0.00036857187612299245
1294,romantic,2,0.00010441846745015324,2,0.00036857187612299245
1127,perennial,2,0.00010441846745015324,2,0.00036857187612299245
193,aerial,37,0.0019317416478278348,2,0.00036857187612299245
1152,poet,35,0.0018273231803776816,2,0.00036857187612299245
1439,suggested,34,0.0017751139466526049,2,0.00036857187612299245
564,emotional,6,0.0003132554023504597,2,0.00036857187612299245
1453,surprising,2,0.00010441846745015324,2,0.00036857187612299245
1004,mutual,6,0.0003132554023504597,2,0.00036857187612299245
895,level,6,0.0003132554023504597,2,0.00036857187612299245
1577,upcoming,58,0.0030281355560544438,2,0.00036857187612299245
1569,unsigned,21,0.001096393908226609,2,0.00036857187612299245
1248,real,7,0.00036546463607553634,2,0.00036857187612299245
1638,worth,4,0.00020883693490030648,2,0.00036857187612299245
1631,wish,7,0.00036546463607553634,2,0.00036857187612299245
1547,underlined,1,5.220923372507662e-05,2,0.00036857187612299245
276,beneficial,1,5.220923372507662e-05,2,0.00036857187612299245
692,gaelic,1,5.220923372507662e-05,2,0.00036857187612299245
236,archival,1,5.220923372507662e-05,2,0.00036857187612299245
1615,watery,1,5.220923372507662e-05,2,0.00036857187612299245
961,medicinal,1,5.220923372507662e-05,2,0.00036857187612299245
1334,seminar,1,5.220923372507662e-05,2,0.00036857187612299245
1337,sentimental,1,5.220923372507662e-05,2,0.00036857187612299245
1339,sequential,1,5.220923372507662e-05,2,0.00036857187612299245
487,di,1,5.220923372507662e-05,2,0.00036857187612299245
1059,obvious,1,5.220923372507662e-05,2,0.00036857187612299245
525,e,1,5.220923372507662e-05,2,0.00036857187612299245
347,chest,1,5.220923372507662e-05,2,0.00036857187612299245
514,dominant,1,5.220923372507662e-05,2,0.00036857187612299245
568,endemic,1,5.220923372507662e-05,2,0.00036857187612299245
1224,publish,1,5.220923372507662e-05,2,0.00036857187612299245
411,congenital,1,5.220923372507662e-05,2,0.00036857187612299245
434,corinthian,1,5.220923372507662e-05,2,0.00036857187612299245
1467,teacher,1,5.220923372507662e-05,2,0.00036857187612299245
1387,socialist,9,0.0004698831035256896,2,0.00036857187612299245
1117,pasted,1,5.220923372507662e-05,2,0.00036857187612299245
225,applicable,1,5.220923372507662e-05,2,0.00036857187612299245
1055,oblique,1,5.220923372507662e-05,2,0.00036857187612299245
246,ascorbic,1,5.220923372507662e-05,2,0.00036857187612299245
1389,solar,9,0.0004698831035256896,2,0.00036857187612299245
826,integrated,9,0.0004698831035256896,2,0.00036857187612299245
1328,secret,9,0.0004698831035256896,2,0.00036857187612299245
393,communist,1,5.220923372507662e-05,2,0.00036857187612299245
999,municipal,9,0.0004698831035256896,2,0.00036857187612299245
1444,supplement,9,0.0004698831035256896,2,0.00036857187612299245
1342,serious,9,0.0004698831035256896,2,0.00036857187612299245
696,genealogical,9,0.0004698831035256896,2,0.00036857187612299245
428,controversial,9,0.0004698831035256896,2,0.00036857187612299245
1360,sick,9,0.0004698831035256896,2,0.00036857187612299245
527,ear,1,5.220923372507662e-05,2,0.00036857187612299245
1425,stereotyped,1,5.220923372507662e-05,2,0.00036857187612299245
296,botany,14,0.0007309292721510727,2,0.00036857187612299245
1641,wrought,1,5.220923372507662e-05,2,0.00036857187612299245
284,bigger,2,0.00010441846745015324,2,0.00036857187612299245
547,eighteen,2,0.00010441846745015324,2,0.00036857187612299245
342,characteristic,2,0.00010441846745015324,2,0.00036857187612299245
747,healthy,6,0.0003132554023504597,2,0.00036857187612299245
1612,warm,2,0.00010441846745015324,2,0.00036857187612299245
238,armed,2,0.00010441846745015324,2,0.00036857187612299245
1592,vegetable,2,0.00010441846745015324,2,0.00036857187612299245
1307,salary,2,0.00010441846745015324,2,0.00036857187612299245
1079,orchestra,2,0.00010441846745015324,2,0.00036857187612299245
343,charitable,2,0.00010441846745015324,2,0.00036857187612299245
328,cathedral,8,0.00041767386980061296,2,0.00036857187612299245
711,glad,8,0.00041767386980061296,2,0.00036857187612299245
1277,repetitive,2,0.00010441846745015324,2,0.00036857187612299245
437,corresponding,8,0.00041767386980061296,2,0.00036857187612299245
1083,organ,14,0.0007309292721510727,2,0.00036857187612299245
312,bronze,2,0.00010441846745015324,2,0.00036857187612299245
403,compulsory,2,0.00010441846745015324,2,0.00036857187612299245
413,conservative,12,0.0006265108047009194,2,0.00036857187612299245
934,maiden,1,5.220923372507662e-05,2,0.00036857187612299245
1550,une,1,5.220923372507662e-05,2,0.00036857187612299245
184,addressed,1,5.220923372507662e-05,2,0.00036857187612299245
1053,ne,1,5.220923372507662e-05,2,0.00036857187612299245
1552,unhappy,1,5.220923372507662e-05,2,0.00036857187612299245
1120,patriotic,1,5.220923372507662e-05,2,0.00036857187612299245
253,atomic,1,5.220923372507662e-05,2,0.00036857187612299245
1073,operative,1,5.220923372507662e-05,2,0.00036857187612299245
423,contextual,12,0.0006265108047009194,2,0.00036857187612299245
1343,seventeen,4,0.00020883693490030648,2,0.00036857187612299245
614,factual,1,5.220923372507662e-05,2,0.00036857187612299245
1350,sharp,10,0.0005220923372507662,2,0.00036857187612299245
459,danish,11,0.0005743015709758428,2,0.00036857187612299245
1093,outline,11,0.0005743015709758428,2,0.00036857187612299245
588,eventual,11,0.0005743015709758428,2,0.00036857187612299245
940,malignant,6,0.0003132554023504597,2,0.00036857187612299245
760,holiday,1,5.220923372507662e-05,2,0.00036857187612299245
773,ideal,1,5.220923372507662e-05,2,0.00036857187612299245
1572,unsure,1,5.220923372507662e-05,2,0.00036857187612299245
559,embossed,3,0.00015662770117522986,2,0.00036857187612299245
1181,preparatory,1,5.220923372507662e-05,2,0.00036857187612299245
1138,photograph,175,0.009136615901888408,2,0.00036857187612299245
967,metal,3,0.00015662770117522986,2,0.00036857187612299245
1584,usual,3,0.00015662770117522986,2,0.00036857187612299245
455,cutaneous,1,5.220923372507662e-05,2,0.00036857187612299245
1046,novelist,5,0.0002610461686253831,2,0.00036857187612299245
1427,strange,5,0.0002610461686253831,2,0.00036857187612299245
577,epidemic,5,0.0002610461686253831,2,0.00036857187612299245
1539,uncertain,5,0.0002610461686253831,2,0.00036857187612299245
1026,newborn,5,0.0002610461686253831,2,0.00036857187612299245
932,lyric,5,0.0002610461686253831,2,0.00036857187612299245
992,mounted,5,0.0002610461686253831,2,0.00036857187612299245
419,consultant,5,0.0002610461686253831,2,0.00036857187612299245
1596,verse,5,0.0002610461686253831,2,0.00036857187612299245
1498,tiny,3,0.00015662770117522986,2,0.00036857187612299245
1003,musician,5,0.0002610461686253831,2,0.00036857187612299245
336,centenary,5,0.0002610461686253831,2,0.00036857187612299245
875,latin,5,0.0002610461686253831,2,0.00036857187612299245
623,favourable,4,0.00020883693490030648,2,0.00036857187612299245
1066,omnibus,4,0.00020883693490030648,2,0.00036857187612299245
959,medal,5,0.0002610461686253831,2,0.00036857187612299245
820,innovative,5,0.0002610461686253831,2,0.00036857187612299245
1351,shed,1,5.220923372507662e-05,2,0.00036857187612299245
886,leg,1,5.220923372507662e-05,2,0.00036857187612299245
199,allied,1,5.220923372507662e-05,2,0.00036857187612299245
828,intelligent,1,5.220923372507662e-05,2,0.00036857187612299245
653,foot,1,5.220923372507662e-05,2,0.00036857187612299245
1378,sky,3,0.00015662770117522986,2,0.00036857187612299245
1457,sweet,1,5.220923372507662e-05,2,0.00036857187612299245
174,accomplished,3,0.00015662770117522986,2,0.00036857187612299245
676,frequent,3,0.00015662770117522986,2,0.00036857187612299245
617,familiar,3,0.00015662770117522986,2,0.00036857187612299245
1438,sufficient,3,0.00015662770117522986,2,0.00036857187612299245
467,deceased,4,0.00020883693490030648,2,0.00036857187612299245
360,civic,3,0.00015662770117522986,2,0.00036857187612299245
587,evening,4,0.00020883693490030648,2,0.00036857187612299245
440,covering,4,0.00020883693490030648,2,0.00036857187612299245
1169,postgraduate,3,0.00015662770117522986,2,0.00036857187612299245
1244,rational,3,0.00015662770117522986,2,0.00036857187612299245
1443,supernatural,4,0.00020883693490030648,2,0.00036857187612299245
394,compact,4,0.00020883693490030648,2,0.00036857187612299245
233,archaic,1,5.220923372507662e-05,2,0.00036857187612299245
1616,wax,3,0.00015662770117522986,2,0.00036857187612299245
191,adverse,3,0.00015662770117522986,2,0.00036857187612299245
620,fascinating,3,0.00015662770117522986,2,0.00036857187612299245
1514,triangular,3,0.00015662770117522986,2,0.00036857187612299245
1470,telegram,1,5.220923372507662e-05,2,0.00036857187612299245
1105,pale,1,5.220923372507662e-05,2,0.00036857187612299245
424,continental,1,5.220923372507662e-05,2,0.00036857187612299245
292,bodleian,1,5.220923372507662e-05,2,0.00036857187612299245
1228,punch,1,5.220923372507662e-05,2,0.00036857187612299245
1089,ossian,1,5.220923372507662e-05,2,0.00036857187612299245
195,affectionate,1,5.220923372507662e-05,2,0.00036857187612299245
1519,twelve,1,5.220923372507662e-05,2,0.00036857187612299245
325,cardiac,1,5.220923372507662e-05,2,0.00036857187612299245
877,layered,1,5.220923372507662e-05,2,0.00036857187612299245
203,ambitious,3,0.00015662770117522986,2,0.00036857187612299245
1265,registered,3,0.00015662770117522986,2,0.00036857187612299245
206,amongst,3,0.00015662770117522986,2,0.00036857187612299245
256,attractive,3,0.00015662770117522986,2,0.00036857187612299245
243,arterial,1,5.220923372507662e-05,2,0.00036857187612299245
1092,outer,3,0.00015662770117522986,2,0.00036857187612299245
799,inclusive,4,0.00020883693490030648,2,0.00036857187612299245
970,microscopical,1,5.220923372507662e-05,2,0.00036857187612299245
580,eric,2,0.00010441846745015324,2,0.00036857187612299245
829,interactive,2,0.00010441846745015324,2,0.00036857187612299245
938,malawian,4,0.00020883693490030648,2,0.00036857187612299245
985,moderate,1,5.220923372507662e-05,2,0.00036857187612299245
321,capable,1,5.220923372507662e-05,2,0.00036857187612299245
1392,solid,2,0.00010441846745015324,2,0.00036857187612299245
322,capital,1,5.220923372507662e-05,2,0.00036857187612299245
678,friend,1,5.220923372507662e-05,2,0.00036857187612299245
702,genuine,1,5.220923372507662e-05,2,0.00036857187612299245
1649,zoological,4,0.00020883693490030648,2,0.00036857187612299245
204,amble,1,5.220923372507662e-05,2,0.00036857187612299245
534,easy,4,0.00020883693490030648,2,0.00036857187612299245
1330,sectional,2,0.00010441846745015324,2,0.00036857187612299245
1379,skylight,1,5.220923372507662e-05,2,0.00036857187612299245
1154,polar,2312,0.12070774837237713,2,0.00036857187612299245
505,distinctive,1806,0.09428987610748837,2,0.00036857187612299245
194,aesthetic,1798,0.09387220223768776,2,0.00036857187612299245
1319,scholarly,1797,0.09381999300396268,2,0.00036857187612299245
316,c,1,5.220923372507662e-05,2,0.00036857187612299245
824,instrumental,4,0.00020883693490030648,2,0.00036857187612299245
1477,territorial,4,0.00020883693490030648,2,0.00036857187612299245
1510,transverse,1,5.220923372507662e-05,2,0.00036857187612299245
949,marked,1,5.220923372507662e-05,2,0.00036857187612299245
1374,sixth,4,0.00020883693490030648,2,0.00036857187612299245
889,legs,1,5.220923372507662e-05,2,0.00036857187612299245
287,biomolecular,1,5.220923372507662e-05,2,0.00036857187612299245
822,inserted,1,5.220923372507662e-05,2,0.00036857187612299245
202,amateur,4,0.00020883693490030648,2,0.00036857187612299245
1522,twin,1,5.220923372507662e-05,2,0.00036857187612299245
1517,tuberculous,1,5.220923372507662e-05,2,0.00036857187612299245
917,logical,4,0.00020883693490030648,2,0.00036857187612299245
324,cardboard,1,5.220923372507662e-05,2,0.00036857187612299245
1506,tower,1,5.220923372507662e-05,2,0.00036857187612299245
1345,seventh,2,0.00010441846745015324,2,0.00036857187612299245
874,latest,123,0.006421735748184424,2,0.00036857187612299245
746,harsh,1,5.220923372507662e-05,2,0.00036857187612299245
1508,translated,86,0.004489994100356589,2,0.00036857187612299245
1501,tolerable,1,5.220923372507662e-05,2,0.00036857187612299245
900,lifetime,4,0.00020883693490030648,2,0.00036857187612299245
724,graphic,6,0.0003132554023504597,2,0.00036857187612299245
1275,renowned,10,0.0005220923372507662,1,0.00018428593806149623
1405,spatial,11,0.0005743015709758428,1,0.00018428593806149623
414,considerable,9,0.0004698831035256896,1,0.00018428593806149623
911,listed,11,0.0005743015709758428,1,0.00018428593806149623
1410,speculative,9,0.0004698831035256896,1,0.00018428593806149623
810,infamous,1,5.220923372507662e-05,1,0.00018428593806149623
1530,typing,1,5.220923372507662e-05,1,0.00018428593806149623
1292,robin,1,5.220923372507662e-05,1,0.00018428593806149623
1285,restricted,1,5.220923372507662e-05,1,0.00018428593806149623
1315,scandinavian,1,5.220923372507662e-05,1,0.00018428593806149623
1237,quest,1,5.220923372507662e-05,1,0.00018428593806149623
532,eastbourne,1,5.220923372507662e-05,1,0.00018428593806149623
590,evident,1,5.220923372507662e-05,1,0.00018428593806149623
1225,publishable,1,5.220923372507662e-05,1,0.00018428593806149623
832,interim,10,0.0005220923372507662,1,0.00018428593806149623
694,gastric,1,5.220923372507662e-05,1,0.00018428593806149623
500,discrete,1,5.220923372507662e-05,1,0.00018428593806149623
1076,optimal,1,5.220923372507662e-05,1,0.00018428593806149623
484,detachable,9,0.0004698831035256896,1,0.00018428593806149623
950,married,9,0.0004698831035256896,1,0.00018428593806149623
1318,scheme,9,0.0004698831035256896,1,0.00018428593806149623
1305,sad,9,0.0004698831035256896,1,0.00018428593806149623
1095,outstanding,9,0.0004698831035256896,1,0.00018428593806149623
1229,pupils,1,5.220923372507662e-05,1,0.00018428593806149623
666,founding,10,0.0005220923372507662,1,0.00018428593806149623
1311,sarcastic,1,5.220923372507662e-05,1,0.00018428593806149623
600,expert,10,0.0005220923372507662,1,0.00018428593806149623
511,documented,1,5.220923372507662e-05,1,0.00018428593806149623
1209,proofs,14,0.0007309292721510727,1,0.00018428593806149623
630,fifteen,12,0.0006265108047009194,1,0.00018428593806149623
904,lilac,1,5.220923372507662e-05,1,0.00018428593806149623
650,folk,1,5.220923372507662e-05,1,0.00018428593806149623
346,chequered,1,5.220923372507662e-05,1,0.00018428593806149623
1257,reconstructed,1,5.220923372507662e-05,1,0.00018428593806149623
665,foul,1,5.220923372507662e-05,1,0.00018428593806149623
1447,supported,1,5.220923372507662e-05,1,0.00018428593806149623
260,authentic,1,5.220923372507662e-05,1,0.00018428593806149623
602,extant,1,5.220923372507662e-05,1,0.00018428593806149623
1357,siamese,1,5.220923372507662e-05,1,0.00018428593806149623
1150,plinth,1,5.220923372507662e-05,1,0.00018428593806149623
768,humanitarian,1,5.220923372507662e-05,1,0.00018428593806149623
1005,mystic,1,5.220923372507662e-05,1,0.00018428593806149623
619,fantastical,1,5.220923372507662e-05,1,0.00018428593806149623
481,des,1,5.220923372507662e-05,1,0.00018428593806149623
569,endless,1,5.220923372507662e-05,1,0.00018428593806149623
1179,premature,1,5.220923372507662e-05,1,0.00018428593806149623
429,convenient,1,5.220923372507662e-05,1,0.00018428593806149623
1448,supportive,1,5.220923372507662e-05,1,0.00018428593806149623
234,archetypal,1,5.220923372507662e-05,1,0.00018428593806149623
1298,ruined,12,0.0006265108047009194,1,0.00018428593806149623
1585,utilitarian,1,5.220923372507662e-05,1,0.00018428593806149623
1058,obtainable,1,5.220923372507662e-05,1,0.00018428593806149623
716,gradual,1,5.220923372507662e-05,1,0.00018428593806149623
490,dictionary,1,5.220923372507662e-05,1,0.00018428593806149623
709,gilded,1,5.220923372507662e-05,1,0.00018428593806149623
488,diagonal,1,5.220923372507662e-05,1,0.00018428593806149623
498,disappointed,1,5.220923372507662e-05,1,0.00018428593806149623
1581,urinary,1,5.220923372507662e-05,1,0.00018428593806149623
814,informational,1,5.220923372507662e-05,1,0.00018428593806149623
1227,pulmonary,1,5.220923372507662e-05,1,0.00018428593806149623
1201,profound,1,5.220923372507662e-05,1,0.00018428593806149623
809,inevitable,1,5.220923372507662e-05,1,0.00018428593806149623
526,eager,1,5.220923372507662e-05,1,0.00018428593806149623
997,muddy,1,5.220923372507662e-05,1,0.00018428593806149623
1582,us,1,5.220923372507662e-05,1,0.00018428593806149623
1308,salt,1,5.220923372507662e-05,1,0.00018428593806149623
518,drinks,1,5.220923372507662e-05,1,0.00018428593806149623
1385,snowy,1,5.220923372507662e-05,1,0.00018428593806149623
837,interstitial,1,5.220923372507662e-05,1,0.00018428593806149623
1118,patient,47,0.002453833985078601,1,0.00018428593806149623
351,childish,1,5.220923372507662e-05,1,0.00018428593806149623
905,lilian,23,0.0012008123756767622,1,0.00018428593806149623
996,mud,1,5.220923372507662e-05,1,0.00018428593806149623
736,gulbenkian,22,0.0011486031419516856,1,0.00018428593806149623
1442,sun,1,5.220923372507662e-05,1,0.00018428593806149623
1317,schematic,21,0.001096393908226609,1,0.00018428593806149623
713,global,20,0.0010441846745015324,1,0.00018428593806149623
574,enlarged,20,0.0010441846745015324,1,0.00018428593806149623
993,mr,1,5.220923372507662e-05,1,0.00018428593806149623
896,liberal,45,0.0023494155176284476,1,0.00018428593806149623
261,authoritative,1,5.220923372507662e-05,1,0.00018428593806149623
613,facsimile,1,5.220923372507662e-05,1,0.00018428593806149623
1289,rich,14,0.0007309292721510727,1,0.00018428593806149623
522,duodenal,1,5.220923372507662e-05,1,0.00018428593806149623
315,busy,14,0.0007309292721510727,1,0.00018428593806149623
1546,underground,13,0.000678720038425996,1,0.00018428593806149623
1563,unnumbered,13,0.000678720038425996,1,0.00018428593806149623
369,clive,1,5.220923372507662e-05,1,0.00018428593806149623
1133,perspective,23,0.0012008123756767622,1,0.00018428593806149623
660,formulating,1,5.220923372507662e-05,1,0.00018428593806149623
1578,updated,25,0.0013052308431269156,1,0.00018428593806149623
477,dent,86,0.004489994100356589,1,0.00018428593806149623
1283,residential,148,0.007726966591311339,1,0.00018428593806149623
1395,sorry,1,5.220923372507662e-05,1,0.00018428593806149623
834,intermediate,1,5.220923372507662e-05,1,0.00018428593806149623
759,hold,1,5.220923372507662e-05,1,0.00018428593806149623
1163,portal,1,5.220923372507662e-05,1,0.00018428593806149623
1276,rental,1,5.220923372507662e-05,1,0.00018428593806149623
597,existential,1,5.220923372507662e-05,1,0.00018428593806149623
1252,recipient,1,5.220923372507662e-05,1,0.00018428593806149623
451,curative,1,5.220923372507662e-05,1,0.00018428593806149623
450,cumulative,1,5.220923372507662e-05,1,0.00018428593806149623
648,fold,1,5.220923372507662e-05,1,0.00018428593806149623
751,hidden,1,5.220923372507662e-05,1,0.00018428593806149623
951,mary,27,0.0014096493105770686,1,0.00018428593806149623
386,comfortable,1,5.220923372507662e-05,1,0.00018428593806149623
1190,preventable,1,5.220923372507662e-05,1,0.00018428593806149623
1503,topographical,4,0.00020883693490030648,1,0.00018428593806149623
1353,sheet,1,5.220923372507662e-05,1,0.00018428593806149623
1189,prevalent,2,0.00010441846745015324,1,0.00018428593806149623
1633,woodcut,5,0.0002610461686253831,1,0.00018428593806149623
560,embroidered,5,0.0002610461686253831,1,0.00018428593806149623
1147,platform,2,0.00010441846745015324,1,0.00018428593806149623
816,initiative,5,0.0002610461686253831,1,0.00018428593806149623
643,fit,5,0.0002610461686253831,1,0.00018428593806149623
432,copied,5,0.0002610461686253831,1,0.00018428593806149623
1537,unauthorised,2,0.00010441846745015324,1,0.00018428593806149623
179,actual,5,0.0002610461686253831,1,0.00018428593806149623
1042,notebooks,5,0.0002610461686253831,1,0.00018428593806149623
389,commentary,2,0.00010441846745015324,1,0.00018428593806149623
1062,ok,5,0.0002610461686253831,1,0.00018428593806149623
764,honourary,2,0.00010441846745015324,1,0.00018428593806149623
387,coming,2,0.00010441846745015324,1,0.00018428593806149623
381,collective,5,0.0002610461686253831,1,0.00018428593806149623
629,fibrous,2,0.00010441846745015324,1,0.00018428593806149623
210,ancestral,2,0.00010441846745015324,1,0.00018428593806149623
913,lithographic,2,0.00010441846745015324,1,0.00018428593806149623
1258,rectangular,5,0.0002610461686253831,1,0.00018428593806149623
241,arrival,2,0.00010441846745015324,1,0.00018428593806149623
1075,optical,2,0.00010441846745015324,1,0.00018428593806149623
1312,satirical,5,0.0002610461686253831,1,0.00018428593806149623
1505,totalitarian,2,0.00010441846745015324,1,0.00018428593806149623
801,incorrect,2,0.00010441846745015324,1,0.00018428593806149623
1159,poorer,2,0.00010441846745015324,1,0.00018428593806149623
406,concert,5,0.0002610461686253831,1,0.00018428593806149623
1216,provincial,5,0.0002610461686253831,1,0.00018428593806149623
589,everyday,5,0.0002610461686253831,1,0.00018428593806149623
842,involved,5,0.0002610461686253831,1,0.00018428593806149623
431,cooperative,5,0.0002610461686253831,1,0.00018428593806149623
721,granite,3,0.00015662770117522986,1,0.00018428593806149623
401,complimentary,5,0.0002610461686253831,1,0.00018428593806149623
404,conceptual,6,0.0003132554023504597,1,0.00018428593806149623
1000,muscular,2,0.00010441846745015324,1,0.00018428593806149623
535,eating,2,0.00010441846745015324,1,0.00018428593806149623
1157,politician,2,0.00010441846745015324,1,0.00018428593806149623
339,ceremonial,6,0.0003132554023504597,1,0.00018428593806149623
1365,silent,6,0.0003132554023504597,1,0.00018428593806149623
378,coastal,6,0.0003132554023504597,1,0.00018428593806149623
825,integral,6,0.0003132554023504597,1,0.00018428593806149623
445,cross,6,0.0003132554023504597,1,0.00018428593806149623
466,decayed,2,0.00010441846745015324,1,0.00018428593806149623
1555,uniformed,2,0.00010441846745015324,1,0.00018428593806149623
430,conventional,6,0.0003132554023504597,1,0.00018428593806149623
779,illegal,2,0.00010441846745015324,1,0.00018428593806149623
1240,radio,2,0.00010441846745015324,1,0.00018428593806149623
1497,timetable,6,0.0003132554023504597,1,0.00018428593806149623
1303,sabbatical,2,0.00010441846745015324,1,0.00018428593806149623
415,consistent,2,0.00010441846745015324,1,0.00018428593806149623
1125,penal,6,0.0003132554023504597,1,0.00018428593806149623
1222,pub,2,0.00010441846745015324,1,0.00018428593806149623
1263,regimental,2,0.00010441846745015324,1,0.00018428593806149623
298,bound,6,0.0003132554023504597,1,0.00018428593806149623
968,meteorological,6,0.0003132554023504597,1,0.00018428593806149623
1012,nature,6,0.0003132554023504597,1,0.00018428593806149623
255,attic,2,0.00010441846745015324,1,0.00018428593806149623
1007,narrative,6,0.0003132554023504597,1,0.00018428593806149623
435,cornish,2,0.00010441846745015324,1,0.00018428593806149623
567,end,2,0.00010441846745015324,1,0.00018428593806149623
570,energetic,2,0.00010441846745015324,1,0.00018428593806149623
409,confident,2,0.00010441846745015324,1,0.00018428593806149623
936,mainly,2,0.00010441846745015324,1,0.00018428593806149623
543,edwardian,2,0.00010441846745015324,1,0.00018428593806149623
1215,proud,6,0.0003132554023504597,1,0.00018428593806149623
1349,shaded,3,0.00015662770117522986,1,0.00018428593806149623
1623,wet,5,0.0002610461686253831,1,0.00018428593806149623
1500,toast,3,0.00015662770117522986,1,0.00018428593806149623
1586,vacant,3,0.00015662770117522986,1,0.00018428593806149623
583,estuary,4,0.00020883693490030648,1,0.00018428593806149623
172,accepted,3,0.00015662770117522986,1,0.00018428593806149623
320,canary,4,0.00020883693490030648,1,0.00018428593806149623
906,lillian,3,0.00015662770117522986,1,0.00018428593806149623
1407,specialist,3,0.00015662770117522986,1,0.00018428593806149623
1418,staircase,3,0.00015662770117522986,1,0.00018428593806149623
1632,witness,3,0.00015662770117522986,1,0.00018428593806149623
1291,ritual,3,0.00015662770117522986,1,0.00018428593806149623
1568,unsatisfactory,3,0.00015662770117522986,1,0.00018428593806149623
175,accurate,3,0.00015662770117522986,1,0.00018428593806149623
282,biennial,4,0.00020883693490030648,1,0.00018428593806149623
449,cum,3,0.00015662770117522986,1,0.00018428593806149623
1557,unionist,3,0.00015662770117522986,1,0.00018428593806149623
980,ministerial,3,0.00015662770117522986,1,0.00018428593806149623
706,georgian,3,0.00015662770117522986,1,0.00018428593806149623
787,imperative,4,0.00020883693490030648,1,0.00018428593806149623
1602,virtual,4,0.00020883693490030648,1,0.00018428593806149623
1474,tenth,4,0.00020883693490030648,1,0.00018428593806149623
1256,recognised,4,0.00020883693490030648,1,0.00018428593806149623
251,assyrian,4,0.00020883693490030648,1,0.00018428593806149623
1103,page,4,0.00020883693490030648,1,0.00018428593806149623
1488,thickness,4,0.00020883693490030648,1,0.00018428593806149623
1435,suburban,4,0.00020883693490030648,1,0.00018428593806149623
1466,tea,4,0.00020883693490030648,1,0.00018428593806149623
1121,peaceful,4,0.00020883693490030648,1,0.00018428593806149623
367,clinic,4,0.00020883693490030648,1,0.00018428593806149623
891,leopold,4,0.00020883693490030648,1,0.00018428593806149623
1565,unpaid,4,0.00020883693490030648,1,0.00018428593806149623
1400,souvenir,4,0.00020883693490030648,1,0.00018428593806149623
304,brick,3,0.00015662770117522986,1,0.00018428593806149623
472,defined,3,0.00015662770117522986,1,0.00018428593806149623
1542,uncorrected,5,0.0002610461686253831,1,0.00018428593806149623
1160,poppy,3,0.00015662770117522986,1,0.00018428593806149623
1597,vertical,5,0.0002610461686253831,1,0.00018428593806149623
353,choral,3,0.00015662770117522986,1,0.00018428593806149623
977,mine,3,0.00015662770117522986,1,0.00018428593806149623
285,biggest,3,0.00015662770117522986,1,0.00018428593806149623
329,cavendish,3,0.00015662770117522986,1,0.00018428593806149623
982,minute,5,0.0002610461686253831,1,0.00018428593806149623
975,mild,3,0.00015662770117522986,1,0.00018428593806149623
1081,ordered,3,0.00015662770117522986,1,0.00018428593806149623
229,approx,5,0.0002610461686253831,1,0.00018428593806149623
355,christmas,3,0.00015662770117522986,1,0.00018428593806149623
1521,twenty,4,0.00020883693490030648,1,0.00018428593806149623
782,illuminated,4,0.00020883693490030648,1,0.00018428593806149623
757,historic,3650,0.19056370309652965,1,0.00018428593806149623
910,list,3,0.00015662770117522986,1,0.00018428593806149623
579,equitable,3,0.00015662770117522986,1,0.00018428593806149623
1396,sound,3,0.00015662770117522986,1,0.00018428593806149623
412,conscious,3,0.00015662770117522986,1,0.00018428593806149623
405,concerned,3,0.00015662770117522986,1,0.00018428593806149623
1255,recognisable,3,0.00015662770117522986,1,0.00018428593806149623
307,brilliant,3,0.00015662770117522986,1,0.00018428593806149623
1486,thermal,3,0.00015662770117522986,1,0.00018428593806149623
1040,nose,3,0.00015662770117522986,1,0.00018428593806149623
1099,overhead,3,0.00015662770117522986,1,0.00018428593806149623
639,firm,3,0.00015662770117522986,1,0.00018428593806149623
670,fox,3,0.00015662770117522986,1,0.00018428593806149623
1164,posed,3,0.00015662770117522986,1,0.00018428593806149623
1233,qualitative,3,0.00015662770117522986,1,0.00018428593806149623
524,dynamic,3,0.00015662770117522986,1,0.00018428593806149623
1512,travel,3,0.00015662770117522986,1,0.00018428593806149623
749,heraldic,7,0.00036546463607553634,1,0.00018428593806149623
219,anticipated,2,0.00010441846745015324,1,0.00018428593806149623
772,iconic,8,0.00041767386980061296,1,0.00018428593806149623
1459,syllabic,1,5.220923372507662e-05,1,0.00018428593806149623
1411,speech,1,5.220923372507662e-05,1,0.00018428593806149623
1511,traumatic,1,5.220923372507662e-05,1,0.00018428593806149623
1540,unchanged,1,5.220923372507662e-05,1,0.00018428593806149623
1536,unattributed,1,5.220923372507662e-05,1,0.00018428593806149623
1471,temple,1,5.220923372507662e-05,1,0.00018428593806149623
1593,venereal,1,5.220923372507662e-05,1,0.00018428593806149623
919,lonely,1,5.220923372507662e-05,1,0.00018428593806149623
207,anaesthetist,1,5.220923372507662e-05,1,0.00018428593806149623
1145,pig,1,5.220923372507662e-05,1,0.00018428593806149623
776,identified,1,5.220923372507662e-05,1,0.00018428593806149623
341,challenging,1,5.220923372507662e-05,1,0.00018428593806149623
1044,notorious,1,5.220923372507662e-05,1,0.00018428593806149623
1246,readable,1,5.220923372507662e-05,1,0.00018428593806149623
1548,understanding,1,5.220923372507662e-05,1,0.00018428593806149623
786,immense,1,5.220923372507662e-05,1,0.00018428593806149623
622,fatal,2,0.00010441846745015324,1,0.00018428593806149623
1249,realistic,1,5.220923372507662e-05,1,0.00018428593806149623
1259,recycled,1,5.220923372507662e-05,1,0.00018428593806149623
933,mad,1,5.220923372507662e-05,1,0.00018428593806149623
391,commerical,1,5.220923372507662e-05,1,0.00018428593806149623
1109,parasitic,1,5.220923372507662e-05,1,0.00018428593806149623
1381,slow,8,0.00041767386980061296,1,0.00018428593806149623
173,accident,1,5.220923372507662e-05,1,0.00018428593806149623
894,lesser,1,5.220923372507662e-05,1,0.00018428593806149623
1469,technician,1,5.220923372507662e-05,1,0.00018428593806149623
679,friendly,1,5.220923372507662e-05,1,0.00018428593806149623
271,baptismal,1,5.220923372507662e-05,1,0.00018428593806149623
1492,thirty,1,5.220923372507662e-05,1,0.00018428593806149623
1494,threatened,1,5.220923372507662e-05,1,0.00018428593806149623
882,learning,1,5.220923372507662e-05,1,0.00018428593806149623
398,complementary,1,5.220923372507662e-05,1,0.00018428593806149623
794,inaccurate,1,5.220923372507662e-05,1,0.00018428593806149623
966,menu,1,5.220923372507662e-05,1,0.00018428593806149623
1148,pleasant,1,5.220923372507662e-05,1,0.00018428593806149623
1262,reflective,8,0.00041767386980061296,1,0.00018428593806149623
1421,stately,1,5.220923372507662e-05,1,0.00018428593806149623
395,comparable,1,5.220923372507662e-05,1,0.00018428593806149623
1463,t,1,5.220923372507662e-05,1,0.00018428593806149623
672,fragmentary,1,5.220923372507662e-05,1,0.00018428593806149623
798,included,1,5.220923372507662e-05,1,0.00018428593806149623
1419,stamp,1,5.220923372507662e-05,1,0.00018428593806149623
397,competitive,1,5.220923372507662e-05,1,0.00018428593806149623
1409,specimen,1,5.220923372507662e-05,1,0.00018428593806149623
1241,radiological,1,5.220923372507662e-05,1,0.00018428593806149623
1180,premier,1,5.220923372507662e-05,1,0.00018428593806149623
718,grammatical,1,5.220923372507662e-05,1,0.00018428593806149623
212,anecdotal,1,5.220923372507662e-05,1,0.00018428593806149623
327,castle,1,5.220923372507662e-05,1,0.00018428593806149623
1560,unjust,1,5.220923372507662e-05,1,0.00018428593806149623
1268,reinforced,1,5.220923372507662e-05,1,0.00018428593806149623
1412,spherical,1,5.220923372507662e-05,1,0.00018428593806149623
1423,statutory,1,5.220923372507662e-05,1,0.00018428593806149623
1218,psychedelic,1,5.220923372507662e-05,1,0.00018428593806149623
223,apologetic,1,5.220923372507662e-05,1,0.00018428593806149623
1106,pancreatic,1,5.220923372507662e-05,1,0.00018428593806149623
198,albumen,1,5.220923372507662e-05,1,0.00018428593806149623
187,adolescent,1,5.220923372507662e-05,1,0.00018428593806149623
167,abrupt,1,5.220923372507662e-05,1,0.00018428593806149623
1644,ye,1,5.220923372507662e-05,1,0.00018428593806149623
1630,winged,1,5.220923372507662e-05,1,0.00018428593806149623
969,metrical,1,5.220923372507662e-05,1,0.00018428593806149623
1637,worst,1,5.220923372507662e-05,1,0.00018428593806149623
1610,volatile,1,5.220923372507662e-05,1,0.00018428593806149623
865,lang,1,5.220923372507662e-05,1,0.00018428593806149623
987,modernised,1,5.220923372507662e-05,1,0.00018428593806149623
1628,widow,1,5.220923372507662e-05,1,0.00018428593806149623
1057,obscure,2,0.00010441846745015324,1,0.00018428593806149623
712,glandular,2,0.00010441846745015324,1,0.00018428593806149623
902,lightweight,2,0.00010441846745015324,1,0.00018428593806149623
1051,nurse,2,0.00010441846745015324,1,0.00018428593806149623
717,grammar,2,0.00010441846745015324,1,0.00018428593806149623
690,g,2,0.00010441846745015324,1,0.00018428593806149623
610,extract,2,0.00010441846745015324,1,0.00018428593806149623
483,desirable,2,0.00010441846745015324,1,0.00018428593806149623
719,grampian,2,0.00010441846745015324,1,0.00018428593806149623
1329,secretarial,2,0.00010441846745015324,1,0.00018428593806149623
1639,wounded,7,0.00036546463607553634,1,0.00018428593806149623
1049,numerical,2,0.00010441846745015324,1,0.00018428593806149623
1362,signal,7,0.00036546463607553634,1,0.00018428593806149623
433,copyright,7,0.00036546463607553634,1,0.00018428593806149623
1017,nearby,7,0.00036546463607553634,1,0.00018428593806149623
502,dissected,2,0.00010441846745015324,1,0.00018428593806149623
662,fortunate,2,0.00010441846745015324,1,0.00018428593806149623
1085,organised,2,0.00010441846745015324,1,0.00018428593806149623
1108,parallel,2,0.00010441846745015324,1,0.00018428593806149623
1475,terminal,2,0.00010441846745015324,1,0.00018428593806149623
1033,nonsense,2,0.00010441846745015324,1,0.00018428593806149623
1015,nd,7,0.00036546463607553634,1,0.00018428593806149623
496,diplomatic,7,0.00036546463607553634,1,0.00018428593806149623
1449,supposed,2,0.00010441846745015324,1,0.00018428593806149623
501,discs,2,0.00010441846745015324,1,0.00018428593806149623
1280,reprographic,2,0.00010441846745015324,1,0.00018428593806149623
1205,prolific,2,0.00010441846745015324,1,0.00018428593806149623
507,disused,2,0.00010441846745015324,1,0.00018428593806149623
705,geometric,2,0.00010441846745015324,1,0.00018428593806149623
1567,unrelated,7,0.00036546463607553634,1,0.00018428593806149623
929,lovely,7,0.00036546463607553634,1,0.00018428593806149623
377,coarse,2,0.00010441846745015324,1,0.00018428593806149623
1556,unimproved,1,5.220923372507662e-05,1,0.00018428593806149623
924,longest,2,0.00010441846745015324,1,0.00018428593806149623
176,acetic,1,5.220923372507662e-05,1,0.00018428593806149623
252,astronomy,1,5.220923372507662e-05,1,0.00018428593806149623
892,les,1,5.220923372507662e-05,1,0.00018428593806149623
1454,surrounding,1,5.220923372507662e-05,1,0.00018428593806149623
1564,unorthodox,1,5.220923372507662e-05,1,0.00018428593806149623
1104,paired,1,5.220923372507662e-05,1,0.00018428593806149623
427,controlled,1,5.220923372507662e-05,1,0.00018428593806149623
839,intimate,1,5.220923372507662e-05,1,0.00018428593806149623
851,joyful,1,5.220923372507662e-05,1,0.00018428593806149623
468,decisive,1,5.220923372507662e-05,1,0.00018428593806149623
1534,una,1,5.220923372507662e-05,1,0.00018428593806149623
447,culinary,1,5.220923372507662e-05,1,0.00018428593806149623
1376,size,1,5.220923372507662e-05,1,0.00018428593806149623
1014,nazi,2,0.00010441846745015324,1,0.00018428593806149623
860,laboratory,2,0.00010441846745015324,1,0.00018428593806149623
1336,sensitive,8,0.00041767386980061296,1,0.00018428593806149623
1176,predominant,2,0.00010441846745015324,1,0.00018428593806149623
267,axial,2,0.00010441846745015324,1,0.00018428593806149623
1402,span,2,0.00010441846745015324,1,0.00018428593806149623
1619,welcome,2,0.00010441846745015324,1,0.00018428593806149623
769,hundred,2,0.00010441846745015324,1,0.00018428593806149623
637,finished,2,0.00010441846745015324,1,0.00018428593806149623
420,contact,8,0.00041767386980061296,1,0.00018428593806149623
362,classic,7,0.00036546463607553634,1,0.00018428593806149623
781,illness,7,0.00036546463607553634,1,0.00018428593806149623
1571,unsuitable,2,0.00010441846745015324,1,0.00018428593806149623
963,memorable,2,0.00010441846745015324,1,0.00018428593806149623
1144,pictorial,7,0.00036546463607553634,1,0.00018428593806149623
170,abyssinian,2,0.00010441846745015324,1,0.00018428593806149623
314,built,1,5.220923372507662e-05,1,0.00018428593806149623
